[{"id":"559184035474@s.whatsapp.net","xp":1001168421,"level":107},{"id":"555399035138@s.whatsapp.net","xp":2252755,"level":9},{"id":"5511964681806@s.whatsapp.net","xp":2205054,"level":9},{"id":"5519982985523@s.whatsapp.net","xp":1520957,"level":9},{"id":"5519988290562@s.whatsapp.net","xp":1522398,"level":9},{"id":"554196526761@s.whatsapp.net","xp":1448512,"level":9},{"id":"558494732434@s.whatsapp.net","xp":1347457,"level":9},{"id":"5511942623147@s.whatsapp.net","xp":1333008,"level":9},{"id":"558599895391@s.whatsapp.net","xp":1350460,"level":9},{"id":"5527992351023@s.whatsapp.net","xp":1285983,"level":9},{"id":"553189647837@s.whatsapp.net","xp":1277543,"level":9},{"id":"5519982511379@s.whatsapp.net","xp":1101639,"level":8},{"id":"556385009238@s.whatsapp.net","xp":1216988,"level":8},{"id":"558597917367@s.whatsapp.net","xp":1110715,"level":8},{"id":"5521990813956@s.whatsapp.net","xp":1004215,"level":8},{"id":"554187855836@s.whatsapp.net","xp":974273,"level":8},{"id":"5521981689107@s.whatsapp.net","xp":910682,"level":8},{"id":"557187701723@s.whatsapp.net","xp":825781,"level":8},{"id":"553195760666@s.whatsapp.net","xp":815100,"level":8},{"id":"558898054580@s.whatsapp.net","xp":794645,"level":8},{"id":"559184135976@s.whatsapp.net","xp":834011,"level":8},{"id":"5511958312208@s.whatsapp.net","xp":736590,"level":8},{"id":"553180162751@s.whatsapp.net","xp":744826,"level":8},{"id":"554791348240@s.whatsapp.net","xp":706768,"level":8},{"id":"553591568843@s.whatsapp.net","xp":664405,"level":8},{"id":"559185043253@s.whatsapp.net","xp":653943,"level":8},{"id":"5511988985726@s.whatsapp.net","xp":604920,"level":7},{"id":"554291452626@s.whatsapp.net","xp":598589,"level":7},{"id":"558589941372@s.whatsapp.net","xp":589299,"level":7},{"id":"5511979857546@s.whatsapp.net","xp":589989,"level":7},{"id":"553191247863@s.whatsapp.net","xp":540416,"level":7},{"id":"556199013841@s.whatsapp.net","xp":525151,"level":7},{"id":"557391944397@s.whatsapp.net","xp":517667,"level":7},{"id":"554396466824@s.whatsapp.net","xp":573751,"level":7},{"id":"556286234865@s.whatsapp.net","xp":490847,"level":7},{"id":"557999843042@s.whatsapp.net","xp":497247,"level":7},{"id":"559189655277@s.whatsapp.net","xp":445442,"level":7},{"id":"5521985770889@s.whatsapp.net","xp":430835,"level":7},{"id":"552192539941@s.whatsapp.net","xp":415026,"level":7},{"id":"556384424440@s.whatsapp.net","xp":414818,"level":7},{"id":"258844795677@s.whatsapp.net","xp":403556,"level":7},{"id":"557191412033@s.whatsapp.net","xp":443404,"level":7},{"id":"558893600743@s.whatsapp.net","xp":392916,"level":7},{"id":"559299839173@s.whatsapp.net","xp":412565,"level":7},{"id":"558897971034@s.whatsapp.net","xp":411247,"level":7},{"id":"559391257820@s.whatsapp.net","xp":392574,"level":7},{"id":"5521998376277@s.whatsapp.net","xp":369345,"level":7},{"id":"5515998268136@s.whatsapp.net","xp":354321,"level":7},{"id":"553387512904@s.whatsapp.net","xp":332040,"level":7},{"id":"554784389884@s.whatsapp.net","xp":319939,"level":7},{"id":"556696240884@s.whatsapp.net","xp":317851,"level":7},{"id":"553597668955@s.whatsapp.net","xp":327946,"level":7},{"id":"5511962838546@s.whatsapp.net","xp":304741,"level":6},{"id":"558398299016@s.whatsapp.net","xp":319376,"level":7},{"id":"558588968147@s.whatsapp.net","xp":297632,"level":6},{"id":"5511977271267@s.whatsapp.net","xp":292575,"level":6},{"id":"558293239535@s.whatsapp.net","xp":295092,"level":6},{"id":"557187215035@s.whatsapp.net","xp":282502,"level":6},{"id":"5521972174056@s.whatsapp.net","xp":281948,"level":6},{"id":"555192828726@s.whatsapp.net","xp":281007,"level":6},{"id":"556493386272@s.whatsapp.net","xp":253804,"level":6},{"id":"559292708365@s.whatsapp.net","xp":250283,"level":6},{"id":"18064824228@s.whatsapp.net","xp":244668,"level":6},{"id":"5511932150357@s.whatsapp.net","xp":245624,"level":6},{"id":"556198199034@s.whatsapp.net","xp":236109,"level":6},{"id":"554191187505@s.whatsapp.net","xp":233000,"level":6},{"id":"559294450170@s.whatsapp.net","xp":219956,"level":6},{"id":"5511957467193@s.whatsapp.net","xp":219017,"level":6},{"id":"5512981477612@s.whatsapp.net","xp":274911,"level":6},{"id":"554797646916@s.whatsapp.net","xp":209951,"level":6},{"id":"555191617886@s.whatsapp.net","xp":201844,"level":6},{"id":"5518996262848@s.whatsapp.net","xp":199207,"level":6},{"id":"556193820962@s.whatsapp.net","xp":192820,"level":6},{"id":"558499014624@s.whatsapp.net","xp":190726,"level":6},{"id":"559185162482@s.whatsapp.net","xp":179737,"level":6},{"id":"559183840083@s.whatsapp.net","xp":179158,"level":6},{"id":"5511949907065@s.whatsapp.net","xp":191268,"level":6},{"id":"553898905685@s.whatsapp.net","xp":177018,"level":6},{"id":"559891684303@s.whatsapp.net","xp":172465,"level":6},{"id":"558899310643@s.whatsapp.net","xp":177557,"level":6},{"id":"559185521515@s.whatsapp.net","xp":161902,"level":6},{"id":"5519983733591@s.whatsapp.net","xp":160448,"level":6},{"id":"5511964599892@s.whatsapp.net","xp":158334,"level":6},{"id":"5514997645220@s.whatsapp.net","xp":157466,"level":6},{"id":"558694902070@s.whatsapp.net","xp":154955,"level":5},{"id":"553897507144@s.whatsapp.net","xp":217466,"level":6},{"id":"553298531350@s.whatsapp.net","xp":154229,"level":5},{"id":"5517981058002@s.whatsapp.net","xp":152939,"level":5},{"id":"556899265179@s.whatsapp.net","xp":170973,"level":6},{"id":"5511933112739@s.whatsapp.net","xp":151284,"level":5},{"id":"5522998836217@s.whatsapp.net","xp":151370,"level":5},{"id":"556296188838@s.whatsapp.net","xp":147165,"level":5},{"id":"5517982158415@s.whatsapp.net","xp":149350,"level":5},{"id":"554784212314@s.whatsapp.net","xp":146768,"level":5},{"id":"558398419055@s.whatsapp.net","xp":145848,"level":5},{"id":"554796453845@s.whatsapp.net","xp":143742,"level":5},{"id":"555185219848@s.whatsapp.net","xp":141324,"level":5},{"id":"554399737646@s.whatsapp.net","xp":144711,"level":5},{"id":"5524999066877@s.whatsapp.net","xp":137280,"level":5},{"id":"558386737669@s.whatsapp.net","xp":137297,"level":5},{"id":"558587531897@s.whatsapp.net","xp":135718,"level":5},{"id":"554588006040@s.whatsapp.net","xp":134225,"level":5},{"id":"5524992055609@s.whatsapp.net","xp":144779,"level":5},{"id":"5511962564714@s.whatsapp.net","xp":130159,"level":5},{"id":"557991824342@s.whatsapp.net","xp":129148,"level":5},{"id":"554298485953@s.whatsapp.net","xp":128172,"level":5},{"id":"554998177318@s.whatsapp.net","xp":127620,"level":5},{"id":"553892631840@s.whatsapp.net","xp":175532,"level":6},{"id":"559891820642@s.whatsapp.net","xp":136199,"level":5},{"id":"5519995947884@s.whatsapp.net","xp":170067,"level":6},{"id":"557998174370@s.whatsapp.net","xp":116499,"level":5},{"id":"556384150333@s.whatsapp.net","xp":117558,"level":5},{"id":"559981689179@s.whatsapp.net","xp":110018,"level":5},{"id":"558488993999@s.whatsapp.net","xp":109984,"level":5},{"id":"556592451566@s.whatsapp.net","xp":106927,"level":5},{"id":"5527995196912@s.whatsapp.net","xp":106926,"level":5},{"id":"555197288320@s.whatsapp.net","xp":106518,"level":5},{"id":"554192747232@s.whatsapp.net","xp":104955,"level":5},{"id":"559184726680@s.whatsapp.net","xp":102966,"level":5},{"id":"559188798825@s.whatsapp.net","xp":101400,"level":5},{"id":"557185223353@s.whatsapp.net","xp":101930,"level":5},{"id":"351914234283@s.whatsapp.net","xp":96830,"level":5},{"id":"5515997582807@s.whatsapp.net","xp":95854,"level":5},{"id":"559691409651@s.whatsapp.net","xp":108038,"level":5},{"id":"556285279349@s.whatsapp.net","xp":181091,"level":6},{"id":"5511964467388@s.whatsapp.net","xp":91782,"level":5},{"id":"559885445143@s.whatsapp.net","xp":120032,"level":5},{"id":"559391606183@s.whatsapp.net","xp":92326,"level":5},{"id":"5527995105103@s.whatsapp.net","xp":88285,"level":5},{"id":"258843717556@s.whatsapp.net","xp":86810,"level":5},{"id":"557498038901@s.whatsapp.net","xp":86786,"level":5},{"id":"5522981741282@s.whatsapp.net","xp":90870,"level":5},{"id":"556899336565@s.whatsapp.net","xp":86285,"level":5},{"id":"554185005202@s.whatsapp.net","xp":85789,"level":5},{"id":"557999499184@s.whatsapp.net","xp":85769,"level":5},{"id":"558581455657@s.whatsapp.net","xp":84771,"level":5},{"id":"556281375022@s.whatsapp.net","xp":84304,"level":5},{"id":"554298567347@s.whatsapp.net","xp":122035,"level":5},{"id":"556593394562@s.whatsapp.net","xp":82246,"level":5},{"id":"555198287974@s.whatsapp.net","xp":85805,"level":5},{"id":"5511943731042@s.whatsapp.net","xp":81740,"level":5},{"id":"5518996749318@s.whatsapp.net","xp":80732,"level":5},{"id":"554896983180@s.whatsapp.net","xp":127630,"level":5},{"id":"556296936764@s.whatsapp.net","xp":78711,"level":5},{"id":"556198272207@s.whatsapp.net","xp":78284,"level":5},{"id":"555181879203@s.whatsapp.net","xp":77690,"level":5},{"id":"5521994878404@s.whatsapp.net","xp":94850,"level":5},{"id":"554591433391@s.whatsapp.net","xp":76661,"level":5},{"id":"558487943629@s.whatsapp.net","xp":75661,"level":5},{"id":"559192359119@s.whatsapp.net","xp":75651,"level":5},{"id":"559391114049@s.whatsapp.net","xp":72618,"level":4},{"id":"558393987377@s.whatsapp.net","xp":71642,"level":4},{"id":"558591820077@s.whatsapp.net","xp":70500,"level":4},{"id":"558589465512@s.whatsapp.net","xp":70138,"level":4},{"id":"5527997456694@s.whatsapp.net","xp":69642,"level":4},{"id":"554298000277@s.whatsapp.net","xp":69577,"level":4},{"id":"556293226036@s.whatsapp.net","xp":69125,"level":4},{"id":"558497040436@s.whatsapp.net","xp":68594,"level":4},{"id":"5514996541467@s.whatsapp.net","xp":68098,"level":4},{"id":"558494116887@s.whatsapp.net","xp":71601,"level":4},{"id":"555192408391@s.whatsapp.net","xp":67083,"level":4},{"id":"5521968773788@s.whatsapp.net","xp":80249,"level":5},{"id":"5521991835416@s.whatsapp.net","xp":66068,"level":4},{"id":"5511941937139@s.whatsapp.net","xp":297675,"level":6},{"id":"18637778932@s.whatsapp.net","xp":64518,"level":4},{"id":"553797790365@s.whatsapp.net","xp":62553,"level":4},{"id":"556199589604@s.whatsapp.net","xp":61574,"level":4},{"id":"5522999210088@s.whatsapp.net","xp":60522,"level":4},{"id":"558781783366@s.whatsapp.net","xp":60063,"level":4},{"id":"555399373754@s.whatsapp.net","xp":58998,"level":4},{"id":"994403102324@s.whatsapp.net","xp":58527,"level":4},{"id":"5518996478533@s.whatsapp.net","xp":84274,"level":5},{"id":"559584045954@s.whatsapp.net","xp":80170,"level":5},{"id":"5521980589964@s.whatsapp.net","xp":56451,"level":4},{"id":"556385137090@s.whatsapp.net","xp":53973,"level":4},{"id":"17402471094@s.whatsapp.net","xp":53449,"level":4},{"id":"554184304313@s.whatsapp.net","xp":52985,"level":4},{"id":"554498919550@s.whatsapp.net","xp":52457,"level":4},{"id":"554896751233@s.whatsapp.net","xp":51493,"level":4},{"id":"559784239970@s.whatsapp.net","xp":51439,"level":4},{"id":"556391181269@s.whatsapp.net","xp":48919,"level":4},{"id":"5511990167657@s.whatsapp.net","xp":48910,"level":4},{"id":"559981088402@s.whatsapp.net","xp":47936,"level":4},{"id":"557996377856@s.whatsapp.net","xp":47374,"level":4},{"id":"554299461575@s.whatsapp.net","xp":50456,"level":4},{"id":"554499954748@s.whatsapp.net","xp":46915,"level":4},{"id":"557996329352@s.whatsapp.net","xp":46899,"level":4},{"id":"559899848397@s.whatsapp.net","xp":46464,"level":4},{"id":"559191707457@s.whatsapp.net","xp":46449,"level":4},{"id":"557191034034@s.whatsapp.net","xp":45937,"level":4},{"id":"5519999813057@s.whatsapp.net","xp":54002,"level":4},{"id":"5511980441552@s.whatsapp.net","xp":47416,"level":4},{"id":"553387517707@s.whatsapp.net","xp":45892,"level":4},{"id":"559180733687@s.whatsapp.net","xp":44931,"level":4},{"id":"559188556335@s.whatsapp.net","xp":44912,"level":4},{"id":"556792728956@s.whatsapp.net","xp":49888,"level":4},{"id":"554599044496@s.whatsapp.net","xp":44392,"level":4},{"id":"559681426125@s.whatsapp.net","xp":44369,"level":4},{"id":"555180354131@s.whatsapp.net","xp":60003,"level":4},{"id":"553173548970@s.whatsapp.net","xp":43861,"level":4},{"id":"553498401247@s.whatsapp.net","xp":42895,"level":4},{"id":"5521967258754@s.whatsapp.net","xp":42891,"level":4},{"id":"556196619769@s.whatsapp.net","xp":40861,"level":4},{"id":"556496171592@s.whatsapp.net","xp":40327,"level":4},{"id":"553299362343@s.whatsapp.net","xp":38829,"level":4},{"id":"558291116948@s.whatsapp.net","xp":37821,"level":4},{"id":"557191484474@s.whatsapp.net","xp":36838,"level":4},{"id":"554197874661@s.whatsapp.net","xp":35838,"level":4},{"id":"5518996779013@s.whatsapp.net","xp":35803,"level":4},{"id":"5511951342889@s.whatsapp.net","xp":37854,"level":4},{"id":"559784399914@s.whatsapp.net","xp":54952,"level":4},{"id":"554898379217@s.whatsapp.net","xp":33816,"level":3},{"id":"5513991993669@s.whatsapp.net","xp":58560,"level":4},{"id":"554699299597@s.whatsapp.net","xp":32275,"level":3},{"id":"553288726953@s.whatsapp.net","xp":31778,"level":3},{"id":"558596192596@s.whatsapp.net","xp":31309,"level":3},{"id":"557988721575@s.whatsapp.net","xp":37351,"level":4},{"id":"13069942580@s.whatsapp.net","xp":30776,"level":3},{"id":"5521971002426@s.whatsapp.net","xp":30539,"level":3},{"id":"5516988556807@s.whatsapp.net","xp":30280,"level":3},{"id":"554497553835@s.whatsapp.net","xp":30273,"level":3},{"id":"5519982141977@s.whatsapp.net","xp":29826,"level":3},{"id":"553195780302@s.whatsapp.net","xp":29768,"level":3},{"id":"557398702002@s.whatsapp.net","xp":29253,"level":3},{"id":"559491343970@s.whatsapp.net","xp":29244,"level":3},{"id":"555599135681@s.whatsapp.net","xp":28751,"level":3},{"id":"554388359490@s.whatsapp.net","xp":29199,"level":3},{"id":"5511991558233@s.whatsapp.net","xp":27772,"level":3},{"id":"5516981609360@s.whatsapp.net","xp":27718,"level":3},{"id":"558581455657@s.whatsapp.net","xp":39843,"level":4},{"id":"258856589989@s.whatsapp.net","xp":26775,"level":3},{"id":"559196186812@s.whatsapp.net","xp":26734,"level":3},{"id":"554384524922@s.whatsapp.net","xp":26263,"level":3},{"id":"5521981417317@s.whatsapp.net","xp":26238,"level":3},{"id":"5517991397624@s.whatsapp.net","xp":26234,"level":3},{"id":"556899594092@s.whatsapp.net","xp":26225,"level":3},{"id":"559691459976@s.whatsapp.net","xp":25732,"level":3},{"id":"556699596237@s.whatsapp.net","xp":25727,"level":3},{"id":"558196793433@s.whatsapp.net","xp":25724,"level":3},{"id":"557583136176@s.whatsapp.net","xp":29750,"level":3},{"id":"559199142388@s.whatsapp.net","xp":25272,"level":3},{"id":"556799449904@s.whatsapp.net","xp":27293,"level":3},{"id":"559288231630@s.whatsapp.net","xp":25268,"level":3},{"id":"258869867121@s.whatsapp.net","xp":24704,"level":3},{"id":"557196243357@s.whatsapp.net","xp":24703,"level":3},{"id":"559484314737@s.whatsapp.net","xp":27756,"level":3},{"id":"5517991150572@s.whatsapp.net","xp":42911,"level":4},{"id":"559996518751@s.whatsapp.net","xp":25233,"level":3},{"id":"558588861437@s.whatsapp.net","xp":22204,"level":3},{"id":"558896220381@s.whatsapp.net","xp":22201,"level":3},{"id":"554199347356@s.whatsapp.net","xp":22177,"level":3},{"id":"556381449846@s.whatsapp.net","xp":21686,"level":3},{"id":"555599970223@s.whatsapp.net","xp":21659,"level":3},{"id":"13068055169@s.whatsapp.net","xp":20710,"level":3},{"id":"557491299737@s.whatsapp.net","xp":20698,"level":3},{"id":"5514997256956@s.whatsapp.net","xp":20689,"level":3},{"id":"5516997420725@s.whatsapp.net","xp":20679,"level":3},{"id":"559892141014@s.whatsapp.net","xp":20188,"level":3},{"id":"994406445183@s.whatsapp.net","xp":20171,"level":3},{"id":"559891653646@s.whatsapp.net","xp":19682,"level":3},{"id":"244945441822@s.whatsapp.net","xp":24222,"level":3},{"id":"559191393773@s.whatsapp.net","xp":19665,"level":3},{"id":"553199040427@s.whatsapp.net","xp":19664,"level":3},{"id":"556684185851@s.whatsapp.net","xp":19167,"level":3},{"id":"553597403841@s.whatsapp.net","xp":18714,"level":3},{"id":"558281571934@s.whatsapp.net","xp":32814,"level":3},{"id":"553387073541@s.whatsapp.net","xp":19157,"level":3},{"id":"15136637593@s.whatsapp.net","xp":26742,"level":3},{"id":"558183641365@s.whatsapp.net","xp":18164,"level":3},{"id":"556798977198@s.whatsapp.net","xp":17680,"level":3},{"id":"5511941660193@s.whatsapp.net","xp":17169,"level":3},{"id":"5511984618028@s.whatsapp.net","xp":17164,"level":3},{"id":"553188112332@s.whatsapp.net","xp":17149,"level":3},{"id":"557996636053@s.whatsapp.net","xp":17149,"level":3},{"id":"556292280669@s.whatsapp.net","xp":16660,"level":3},{"id":"5511970745823@s.whatsapp.net","xp":16639,"level":3},{"id":"558592921351@s.whatsapp.net","xp":16636,"level":3},{"id":"556781763898@s.whatsapp.net","xp":16171,"level":3},{"id":"558599337793@s.whatsapp.net","xp":16634,"level":3},{"id":"5516988260229@s.whatsapp.net","xp":15663,"level":3},{"id":"556384294383@s.whatsapp.net","xp":15659,"level":3},{"id":"556782176406@s.whatsapp.net","xp":15655,"level":3},{"id":"5518997531759@s.whatsapp.net","xp":15635,"level":3},{"id":"5511967836983@s.whatsapp.net","xp":15628,"level":3},{"id":"559293433933@s.whatsapp.net","xp":17668,"level":3},{"id":"5511949526421@s.whatsapp.net","xp":15119,"level":3},{"id":"5512996280897@s.whatsapp.net","xp":14631,"level":2},{"id":"555192405159@s.whatsapp.net","xp":14122,"level":2},{"id":"558396308268@s.whatsapp.net","xp":14083,"level":2},{"id":"5511949119225@s.whatsapp.net","xp":13640,"level":2},{"id":"554884213536@s.whatsapp.net","xp":13629,"level":2},{"id":"5521965584132@s.whatsapp.net","xp":13625,"level":2},{"id":"5521971696779@s.whatsapp.net","xp":13617,"level":2},{"id":"556592163156@s.whatsapp.net","xp":13611,"level":2},{"id":"553798315900@s.whatsapp.net","xp":21725,"level":3},{"id":"556283296442@s.whatsapp.net","xp":13111,"level":2},{"id":"5516991888624@s.whatsapp.net","xp":13106,"level":2},{"id":"553291291514@s.whatsapp.net","xp":13097,"level":2},{"id":"557996714055@s.whatsapp.net","xp":12629,"level":2},{"id":"553799819665@s.whatsapp.net","xp":12625,"level":2},{"id":"556295572730@s.whatsapp.net","xp":12130,"level":2},{"id":"558586467639@s.whatsapp.net","xp":12107,"level":2},{"id":"556899839299@s.whatsapp.net","xp":12103,"level":2},{"id":"558988110472@s.whatsapp.net","xp":11622,"level":2},{"id":"5522988150072@s.whatsapp.net","xp":11609,"level":2},{"id":"557391409217@s.whatsapp.net","xp":11608,"level":2},{"id":"5527988186030@s.whatsapp.net","xp":11127,"level":2},{"id":"557399483717@s.whatsapp.net","xp":11094,"level":2},{"id":"559181449982@s.whatsapp.net","xp":10627,"level":2},{"id":"558594441816@s.whatsapp.net","xp":10605,"level":2},{"id":"558499451692@s.whatsapp.net","xp":10597,"level":2},{"id":"5513981275673@s.whatsapp.net","xp":10594,"level":2},{"id":"5513996266926@s.whatsapp.net","xp":10099,"level":2},{"id":"5522988243242@s.whatsapp.net","xp":10089,"level":2},{"id":"554896514674@s.whatsapp.net","xp":9590,"level":2},{"id":"559184691753@s.whatsapp.net","xp":9587,"level":2},{"id":"5515996130941@s.whatsapp.net","xp":9585,"level":2},{"id":"558695769229@s.whatsapp.net","xp":9572,"level":2},{"id":"556793248390@s.whatsapp.net","xp":9085,"level":2},{"id":"13435005847@s.whatsapp.net","xp":9082,"level":2},{"id":"553892590540@s.whatsapp.net","xp":9075,"level":2},{"id":"5521988569891@s.whatsapp.net","xp":9068,"level":2},{"id":"556696142343@s.whatsapp.net","xp":8595,"level":2},{"id":"556192451874@s.whatsapp.net","xp":9097,"level":2},{"id":"556792469529@s.whatsapp.net","xp":8587,"level":2},{"id":"554599432716@s.whatsapp.net","xp":8571,"level":2},{"id":"557996060831@s.whatsapp.net","xp":8570,"level":2},{"id":"5521969013327@s.whatsapp.net","xp":8568,"level":2},{"id":"5518991038956@s.whatsapp.net","xp":8564,"level":2},{"id":"556181156551@s.whatsapp.net","xp":8562,"level":2},{"id":"559491124160@s.whatsapp.net","xp":8061,"level":2},{"id":"559982770865@s.whatsapp.net","xp":8081,"level":2},{"id":"554299421859@s.whatsapp.net","xp":7568,"level":2},{"id":"5521984041605@s.whatsapp.net","xp":7568,"level":2},{"id":"558197285844@s.whatsapp.net","xp":7566,"level":2},{"id":"557582689999@s.whatsapp.net","xp":7560,"level":2},{"id":"556294031843@s.whatsapp.net","xp":7553,"level":2},{"id":"554891210712@s.whatsapp.net","xp":7069,"level":2},{"id":"559492803869@s.whatsapp.net","xp":31776,"level":3},{"id":"559491137431@s.whatsapp.net","xp":32276,"level":3},{"id":"555381571763@s.whatsapp.net","xp":6075,"level":2},{"id":"556599373634@s.whatsapp.net","xp":6057,"level":2},{"id":"5519986034376@s.whatsapp.net","xp":6049,"level":2},{"id":"556285472673@s.whatsapp.net","xp":5549,"level":2},{"id":"559192182897@s.whatsapp.net","xp":5046,"level":2},{"id":"5512996864572@s.whatsapp.net","xp":5046,"level":2},{"id":"558695331464@s.whatsapp.net","xp":4552,"level":1},{"id":"5511957310082@s.whatsapp.net","xp":4537,"level":1},{"id":"559182443158@s.whatsapp.net","xp":4533,"level":1},{"id":"554598326175@s.whatsapp.net","xp":4524,"level":1},{"id":"5522997273800@s.whatsapp.net","xp":4519,"level":1},{"id":"258846696797@s.whatsapp.net","xp":4046,"level":1},{"id":"5515998324153@s.whatsapp.net","xp":4040,"level":1},{"id":"559884859338@s.whatsapp.net","xp":4038,"level":1},{"id":"553191462627@s.whatsapp.net","xp":4037,"level":1},{"id":"6282382895228@s.whatsapp.net","xp":4036,"level":1},{"id":"5516994100336@s.whatsapp.net","xp":4032,"level":1},{"id":"447441436384@s.whatsapp.net","xp":4030,"level":1},{"id":"5511984628131@s.whatsapp.net","xp":4027,"level":1},{"id":"556999927814@s.whatsapp.net","xp":3537,"level":1},{"id":"559284247145@s.whatsapp.net","xp":3030,"level":1},{"id":"5518981311219@s.whatsapp.net","xp":3027,"level":1},{"id":"558481547140@s.whatsapp.net","xp":3025,"level":1},{"id":"5511988425911@s.whatsapp.net","xp":3016,"level":1},{"id":"559183493088@s.whatsapp.net","xp":2536,"level":1},{"id":"558296078356@s.whatsapp.net","xp":2532,"level":1},{"id":"553196988109@s.whatsapp.net","xp":4041,"level":1},{"id":"558994265782@s.whatsapp.net","xp":2524,"level":1},{"id":"258873560081@s.whatsapp.net","xp":2518,"level":1},{"id":"447418335403@s.whatsapp.net","xp":2512,"level":1},{"id":"5511945487764@s.whatsapp.net","xp":2025,"level":1},{"id":"558496136817@s.whatsapp.net","xp":2024,"level":1},{"id":"558582259872@s.whatsapp.net","xp":2022,"level":1},{"id":"5511947472460@s.whatsapp.net","xp":2019,"level":1},{"id":"258844724629@s.whatsapp.net","xp":2016,"level":1},{"id":"258878102004@s.whatsapp.net","xp":2012,"level":1},{"id":"556182402008@s.whatsapp.net","xp":2011,"level":1},{"id":"994406761835@s.whatsapp.net","xp":1521,"level":1},{"id":"556593625556@s.whatsapp.net","xp":1520,"level":1},{"id":"559199411665@s.whatsapp.net","xp":1519,"level":1},{"id":"559299050985@s.whatsapp.net","xp":1519,"level":1},{"id":"5521974142935@s.whatsapp.net","xp":1518,"level":1},{"id":"559185208887@s.whatsapp.net","xp":1517,"level":1},{"id":"5528999205047@s.whatsapp.net","xp":3035,"level":1},{"id":"556798776894@s.whatsapp.net","xp":1514,"level":1},{"id":"5524998715045@s.whatsapp.net","xp":1513,"level":1},{"id":"258843877816@s.whatsapp.net","xp":1513,"level":1},{"id":"5515991567260@s.whatsapp.net","xp":1510,"level":1},{"id":"554298645790@s.whatsapp.net","xp":1017,"level":1},{"id":"5511937737590@s.whatsapp.net","xp":1016,"level":1},{"id":"556283114041@s.whatsapp.net","xp":1016,"level":1},{"id":"258862264853@s.whatsapp.net","xp":1016,"level":1},{"id":"5519984224006@s.whatsapp.net","xp":1016,"level":1},{"id":"258876349935@s.whatsapp.net","xp":1015,"level":1},{"id":"554396163586@s.whatsapp.net","xp":1014,"level":1},{"id":"5511970886954@s.whatsapp.net","xp":1013,"level":1},{"id":"554999520608@s.whatsapp.net","xp":1009,"level":1},{"id":"555195969844@s.whatsapp.net","xp":1008,"level":1},{"id":"595976856231@s.whatsapp.net","xp":509,"level":1},{"id":"558681300029@s.whatsapp.net","xp":509,"level":1},{"id":"558183760016@s.whatsapp.net","xp":508,"level":1},{"id":"558598134059@s.whatsapp.net","xp":508,"level":1},{"id":"556296399956@s.whatsapp.net","xp":506,"level":1},{"id":"556992591412@s.whatsapp.net","xp":503,"level":1},{"id":"559391836205@s.whatsapp.net","xp":502,"level":1},{"id":"559189541560@s.whatsapp.net","xp":502,"level":1},{"id":"553398238711@s.whatsapp.net","xp":502,"level":1},{"id":"553491554064@s.whatsapp.net","xp":1,"level":1},{"id":"556499016238@s.whatsapp.net","xp":1,"level":1},{"id":"554699321231@s.whatsapp.net","xp":1,"level":1},{"id":"554197011157@s.whatsapp.net","xp":1,"level":1},{"id":"558598430396@s.whatsapp.net","xp":1,"level":1},{"id":"5511951653200@s.whatsapp.net","xp":1,"level":1},{"id":"5512997863176@s.whatsapp.net","xp":1,"level":1},{"id":"554198610255@s.whatsapp.net","xp":1,"level":1},{"id":"556298394291@s.whatsapp.net","xp":1,"level":1},{"id":"554491370729@s.whatsapp.net","xp":1,"level":1},{"id":"5519989275161@s.whatsapp.net","xp":1,"level":1},{"id":"556183573033@s.whatsapp.net","xp":1,"level":1},{"id":"5521990574297@s.whatsapp.net","xp":1,"level":1},{"id":"559883155723@s.whatsapp.net","xp":1,"level":1},{"id":"554298558816@s.whatsapp.net","xp":1,"level":1},{"id":"553284542960@s.whatsapp.net","xp":1,"level":1},{"id":"5528998860496@s.whatsapp.net","xp":1,"level":1},{"id":"558293699649@s.whatsapp.net","xp":1,"level":1},{"id":"5212283102125@s.whatsapp.net","xp":1,"level":1},{"id":"559584066061@s.whatsapp.net","xp":1,"level":1},{"id":"559784247502@s.whatsapp.net","xp":1,"level":1},{"id":"557398136969@s.whatsapp.net","xp":1,"level":1},{"id":"5512992213998@s.whatsapp.net","xp":1,"level":1},{"id":"557187438202@s.whatsapp.net","xp":1,"level":1},{"id":"994406510654@s.whatsapp.net","xp":1,"level":1},{"id":"559184065810@s.whatsapp.net","xp":1,"level":1},{"id":"555199487401@s.whatsapp.net","xp":1,"level":1},{"id":"559884911237@s.whatsapp.net","xp":1,"level":1},{"id":"556499276014@s.whatsapp.net","xp":1,"level":1},{"id":"554796535437@s.whatsapp.net","xp":1,"level":1},{"id":"558396058525@s.whatsapp.net","xp":1,"level":1},{"id":"553488038028@s.whatsapp.net","xp":1,"level":1},{"id":"559181767812@s.whatsapp.net","xp":1,"level":1},{"id":"5521981731996@s.whatsapp.net","xp":1,"level":1},{"id":"558487590474@s.whatsapp.net","xp":1,"level":1},{"id":"552198376277@s.whatsapp.net","xp":1,"level":1},{"id":"5515997974903@s.whatsapp.net","xp":1,"level":1},{"id":"5511990102273@s.whatsapp.net","xp":1,"level":1},{"id":"5512981033979@s.whatsapp.net","xp":1,"level":1},{"id":"994407526251@s.whatsapp.net","xp":1,"level":1},{"id":"558396273264@s.whatsapp.net","xp":1,"level":1},{"id":"556884031768@s.whatsapp.net","xp":1,"level":1},{"id":"5516996050359@s.whatsapp.net","xp":1,"level":1},{"id":"558288298485@s.whatsapp.net","xp":1,"level":1},{"id":"258844224432@s.whatsapp.net","xp":1,"level":1},{"id":"258847449148@s.whatsapp.net","xp":1,"level":1},{"id":"258870116658@s.whatsapp.net","xp":1,"level":1},{"id":"258862189212@s.whatsapp.net","xp":1,"level":1},{"id":"258865010307@s.whatsapp.net","xp":1,"level":1},{"id":"554195398790@s.whatsapp.net","xp":1,"level":1},{"id":"558396364811@s.whatsapp.net","xp":1,"level":1},{"id":"258852516983@s.whatsapp.net","xp":1,"level":1},{"id":"258847689302@s.whatsapp.net","xp":1,"level":1},{"id":"559188216608@s.whatsapp.net","xp":1,"level":1},{"id":"258874754877@s.whatsapp.net","xp":1,"level":1},{"id":"557996888906@s.whatsapp.net","xp":1,"level":1},{"id":"258855050973@s.whatsapp.net","xp":1,"level":1},{"id":"258855666215@s.whatsapp.net","xp":1,"level":1},{"id":"258842989410@s.whatsapp.net","xp":1,"level":1},{"id":"5511978781430@s.whatsapp.net","xp":1,"level":1},{"id":"258873886595@s.whatsapp.net","xp":1,"level":1},{"id":"556282365581@s.whatsapp.net","xp":1,"level":1},{"id":"5511944017896@s.whatsapp.net","xp":1,"level":1},{"id":"553191117934@s.whatsapp.net","xp":1,"level":1},{"id":"554898549073@s.whatsapp.net","xp":1,"level":1},{"id":"558599893924@s.whatsapp.net","xp":1,"level":1},{"id":"555481531782@s.whatsapp.net","xp":1,"level":1},{"id":"554791969036@s.whatsapp.net","xp":1,"level":1},{"id":"556194419838@s.whatsapp.net","xp":1,"level":1},{"id":"554896789407@s.whatsapp.net","xp":1,"level":1},{"id":"16393988875@s.whatsapp.net","xp":1,"level":1},{"id":"5511944533687@s.whatsapp.net","xp":1,"level":1},{"id":"559294487685@s.whatsapp.net","xp":1,"level":1},{"id":"558699384979@s.whatsapp.net","xp":1,"level":1},{"id":"555193858274@s.whatsapp.net","xp":1,"level":1},{"id":"559191650025@s.whatsapp.net","xp":1,"level":1},{"id":"559192838373@s.whatsapp.net","xp":1,"level":1},{"id":"5511983181805@s.whatsapp.net","xp":1,"level":1},{"id":"5511996563452@s.whatsapp.net","xp":1,"level":1},{"id":"558981277882@s.whatsapp.net","xp":1,"level":1},{"id":"17743770417@s.whatsapp.net","xp":1,"level":1},{"id":"5521989441870@s.whatsapp.net","xp":1,"level":1},{"id":"553898516060@s.whatsapp.net","xp":1,"level":1},{"id":"5513991229377@s.whatsapp.net","xp":1,"level":1},{"id":"559892131715@s.whatsapp.net","xp":1,"level":1},{"id":"555196648712@s.whatsapp.net","xp":1,"level":1},{"id":"554196704288@s.whatsapp.net","xp":1,"level":1},{"id":"557999908001@s.whatsapp.net","xp":1,"level":1},{"id":"559784122591@s.whatsapp.net","xp":1,"level":1},{"id":"5513996086012@s.whatsapp.net","xp":1,"level":1},{"id":"554591386965@s.whatsapp.net","xp":1,"level":1},{"id":"5517988431319@s.whatsapp.net","xp":1,"level":1},{"id":"5511945769307@s.whatsapp.net","xp":1,"level":1},{"id":"558491082132@s.whatsapp.net","xp":1,"level":1},{"id":"559293082893@s.whatsapp.net","xp":1,"level":1},{"id":"556198095075@s.whatsapp.net","xp":1,"level":1},{"id":"5518997240325@s.whatsapp.net","xp":1,"level":1},{"id":"556596203870@s.whatsapp.net","xp":1,"level":1},{"id":"559299872040@s.whatsapp.net","xp":1,"level":1},{"id":"559293283300@s.whatsapp.net","xp":1,"level":1},{"id":"558581236723@s.whatsapp.net","xp":1,"level":1},{"id":"558171101903@s.whatsapp.net","xp":1,"level":1},{"id":"553299779622@s.whatsapp.net","xp":1,"level":1},{"id":"553195931928@s.whatsapp.net","xp":1,"level":1},{"id":"558396058310@s.whatsapp.net","xp":1,"level":1},{"id":"5521992208291@s.whatsapp.net","xp":1,"level":1},{"id":"258845403186@s.whatsapp.net","xp":1,"level":1},{"id":"555499637658@s.whatsapp.net","xp":1,"level":1},{"id":"5511952151985@s.whatsapp.net","xp":1,"level":1},{"id":"559891372935@s.whatsapp.net","xp":1,"level":1},{"id":"553299589502@s.whatsapp.net","xp":1,"level":1},{"id":"552197596806@s.whatsapp.net","xp":1,"level":1},{"id":"556294748399@s.whatsapp.net","xp":1,"level":1},{"id":"13469884331@s.whatsapp.net","xp":1,"level":1},{"id":"19787733092@s.whatsapp.net","xp":1,"level":1},{"id":"554191690263@s.whatsapp.net","xp":506,"level":1},{"id":"558894894843@s.whatsapp.net","xp":12623,"level":2},{"id":"559492124551@s.whatsapp.net","xp":33782,"level":3},{"id":"559788044482@s.whatsapp.net","xp":1,"level":1},{"id":"559184409343@s.whatsapp.net","xp":1,"level":1},{"id":"5515991927325@s.whatsapp.net","xp":1,"level":1},{"id":"553584297445@s.whatsapp.net","xp":1513,"level":1},{"id":"5511963608643@s.whatsapp.net","xp":33278,"level":3},{"id":"5521988862564@s.whatsapp.net","xp":1522,"level":1},{"id":"258844652192@s.whatsapp.net","xp":23215,"level":3},{"id":"5521972646374@s.whatsapp.net","xp":13620,"level":2},{"id":"5513988600503@s.whatsapp.net","xp":1519,"level":1},{"id":"557183887919@s.whatsapp.net","xp":1,"level":1},{"id":"554498226092@s.whatsapp.net","xp":1010,"level":1},{"id":"5516992567694@s.whatsapp.net","xp":3525,"level":1},{"id":"994407672474@s.whatsapp.net","xp":3033,"level":1},{"id":"559187118869@s.whatsapp.net","xp":1,"level":1},{"id":"558189181667@s.whatsapp.net","xp":5041,"level":2},{"id":"556499462385@s.whatsapp.net","xp":1,"level":1},{"id":"5511970681971@s.whatsapp.net","xp":1520,"level":1},{"id":"5513996754874@s.whatsapp.net","xp":5040,"level":2},{"id":"994404902884@s.whatsapp.net","xp":1,"level":1}]