[{"id":"559184035474@s.whatsapp.net","limit":3},{"id":"554797646916@s.whatsapp.net","limit":12},{"id":"553191247863@s.whatsapp.net","limit":-5},{"id":"555399035138@s.whatsapp.net","limit":-21},{"id":"554187855836@s.whatsapp.net","limit":28},{"id":"5515997582807@s.whatsapp.net","limit":2},{"id":"558599895391@s.whatsapp.net","limit":48},{"id":"447418335403@s.whatsapp.net","limit":8},{"id":"558494732434@s.whatsapp.net","limit":-13},{"id":"554599432716@s.whatsapp.net","limit":-2},{"id":"559388029975@s.whatsapp.net","limit":1},{"id":"5521991835416@s.whatsapp.net","limit":-5},{"id":"5511988985726@s.whatsapp.net","limit":8},{"id":"5518996749318@s.whatsapp.net","limit":-2},{"id":"557391944397@s.whatsapp.net","limit":0},{"id":"5511964599892@s.whatsapp.net","limit":-3},{"id":"552192539941@s.whatsapp.net","limit":2},{"id":"555197288320@s.whatsapp.net","limit":9},{"id":"556193820962@s.whatsapp.net","limit":13},{"id":"556198199034@s.whatsapp.net","limit":-1},{"id":"18064824228@s.whatsapp.net","limit":0},{"id":"554196526761@s.whatsapp.net","limit":32},{"id":"554784389884@s.whatsapp.net","limit":-12},{"id":"556384424440@s.whatsapp.net","limit":-15},{"id":"559192182897@s.whatsapp.net","limit":-1},{"id":"559294450170@s.whatsapp.net","limit":-1},{"id":"556286234865@s.whatsapp.net","limit":0},{"id":"559188798825@s.whatsapp.net","limit":14},{"id":"258862264853@s.whatsapp.net","limit":5},{"id":"258845403186@s.whatsapp.net","limit":4},{"id":"554399737646@s.whatsapp.net","limit":9},{"id":"556384150333@s.whatsapp.net","limit":-10},{"id":"559192359119@s.whatsapp.net","limit":23},{"id":"559185208887@s.whatsapp.net","limit":0},{"id":"5511970745823@s.whatsapp.net","limit":-1},{"id":"258844724629@s.whatsapp.net","limit":1},{"id":"554896983180@s.whatsapp.net","limit":-8},{"id":"258844795677@s.whatsapp.net","limit":26},{"id":"5511984618028@s.whatsapp.net","limit":-3},{"id":"559183493088@s.whatsapp.net","limit":1},{"id":"559185162482@s.whatsapp.net","limit":-14},{"id":"557391409217@s.whatsapp.net","limit":-1},{"id":"5521984041605@s.whatsapp.net","limit":3},{"id":"557996329352@s.whatsapp.net","limit":-4},{"id":"559491343970@s.whatsapp.net","limit":5},{"id":"553398238711@s.whatsapp.net","limit":1},{"id":"5511952151985@s.whatsapp.net","limit":3},{"id":"556198272207@s.whatsapp.net","limit":-8},{"id":"556696240884@s.whatsapp.net","limit":-2},{"id":"258843717556@s.whatsapp.net","limit":24},{"id":"5521971696779@s.whatsapp.net","limit":-1},{"id":"554998177318@s.whatsapp.net","limit":-3},{"id":"558586467639@s.whatsapp.net","limit":10},{"id":"554192747232@s.whatsapp.net","limit":-8},{"id":"554185005202@s.whatsapp.net","limit":8},{"id":"556296188838@s.whatsapp.net","limit":0},{"id":"5521971002426@s.whatsapp.net","limit":-2},{"id":"5516988260229@s.whatsapp.net","limit":-1},{"id":"559189541560@s.whatsapp.net","limit":0},{"id":"557398702002@s.whatsapp.net","limit":1},{"id":"5521998376277@s.whatsapp.net","limit":-1},{"id":"558488993999@s.whatsapp.net","limit":8},{"id":"557187215035@s.whatsapp.net","limit":2},{"id":"553298531350@s.whatsapp.net","limit":-1},{"id":"559185043253@s.whatsapp.net","limit":-2},{"id":"5511979857546@s.whatsapp.net","limit":-4},{"id":"555192408391@s.whatsapp.net","limit":7},{"id":"554184304313@s.whatsapp.net","limit":20},{"id":"258843877816@s.whatsapp.net","limit":1},{"id":"553189647837@s.whatsapp.net","limit":-20},{"id":"5527995105103@s.whatsapp.net","limit":5},{"id":"558587531897@s.whatsapp.net","limit":4},{"id":"553195931928@s.whatsapp.net","limit":10},{"id":"558171101903@s.whatsapp.net","limit":0},{"id":"258869867121@s.whatsapp.net","limit":6},{"id":"556391181269@s.whatsapp.net","limit":2},{"id":"556381449846@s.whatsapp.net","limit":-1},{"id":"556385137090@s.whatsapp.net","limit":10},{"id":"556295572730@s.whatsapp.net","limit":-1},{"id":"554699299597@s.whatsapp.net","limit":9},{"id":"258873560081@s.whatsapp.net","limit":1},{"id":"558581236723@s.whatsapp.net","limit":0},{"id":"556781763898@s.whatsapp.net","limit":-4},{"id":"556899839299@s.whatsapp.net","limit":2},{"id":"554884213536@s.whatsapp.net","limit":0},{"id":"558581455657@s.whatsapp.net","limit":-4},{"id":"558582259872@s.whatsapp.net","limit":2},{"id":"556798776894@s.whatsapp.net","limit":0},{"id":"556493386272@s.whatsapp.net","limit":-5},{"id":"6282382895228@s.whatsapp.net","limit":3},{"id":"556198095075@s.whatsapp.net","limit":6},{"id":"557999499184@s.whatsapp.net","limit":1},{"id":"554298485953@s.whatsapp.net","limit":7},{"id":"558898054580@s.whatsapp.net","limit":28},{"id":"5511942623147@s.whatsapp.net","limit":24},{"id":"553797790365@s.whatsapp.net","limit":-7},{"id":"557991824342@s.whatsapp.net","limit":1},{"id":"559299839173@s.whatsapp.net","limit":-7},{"id":"554591386965@s.whatsapp.net","limit":4},{"id":"559784122591@s.whatsapp.net","limit":1},{"id":"5511977271267@s.whatsapp.net","limit":24},{"id":"5522999210088@s.whatsapp.net","limit":-4},{"id":"556793248390@s.whatsapp.net","limit":-2},{"id":"5519999813057@s.whatsapp.net","limit":-8},{"id":"555192828726@s.whatsapp.net","limit":8},{"id":"559996518751@s.whatsapp.net","limit":-1},{"id":"5518996262848@s.whatsapp.net","limit":-6},{"id":"5528999205047@s.whatsapp.net","limit":3},{"id":"555181879203@s.whatsapp.net","limit":-3},{"id":"5524992055609@s.whatsapp.net","limit":-8},{"id":"554896751233@s.whatsapp.net","limit":-6},{"id":"559294487685@s.whatsapp.net","limit":2},{"id":"5511944533687@s.whatsapp.net","limit":1},{"id":"556899594092@s.whatsapp.net","limit":21},{"id":"5511957467193@s.whatsapp.net","limit":6},{"id":"5516981609360@s.whatsapp.net","limit":1},{"id":"553898905685@s.whatsapp.net","limit":1},{"id":"558594441816@s.whatsapp.net","limit":-1},{"id":"553191117934@s.whatsapp.net","limit":2},{"id":"258873886595@s.whatsapp.net","limit":2},{"id":"559891820642@s.whatsapp.net","limit":-11},{"id":"258842989410@s.whatsapp.net","limit":1},{"id":"258852516983@s.whatsapp.net","limit":2},{"id":"5519982511379@s.whatsapp.net","limit":-97},{"id":"553591568843@s.whatsapp.net","limit":2},{"id":"554588006040@s.whatsapp.net","limit":-5},{"id":"558288298485@s.whatsapp.net","limit":1},{"id":"556385009238@s.whatsapp.net","limit":0},{"id":"554299461575@s.whatsapp.net","limit":6},{"id":"5516996050359@s.whatsapp.net","limit":2},{"id":"5512996280897@s.whatsapp.net","limit":-3},{"id":"5527992351023@s.whatsapp.net","limit":-2},{"id":"5516991888624@s.whatsapp.net","limit":0},{"id":"556884031768@s.whatsapp.net","limit":1},{"id":"258856589989@s.whatsapp.net","limit":2},{"id":"552198376277@s.whatsapp.net","limit":1},{"id":"557998174370@s.whatsapp.net","limit":-9},{"id":"558589465512@s.whatsapp.net","limit":2},{"id":"558487590474@s.whatsapp.net","limit":3},{"id":"5521990813956@s.whatsapp.net","limit":134},{"id":"558897971034@s.whatsapp.net","limit":-17},{"id":"5519988290562@s.whatsapp.net","limit":3},{"id":"556499276014@s.whatsapp.net","limit":1},{"id":"553191462627@s.whatsapp.net","limit":0},{"id":"994403102324@s.whatsapp.net","limit":-8},{"id":"559189655277@s.whatsapp.net","limit":-2},{"id":"17402471094@s.whatsapp.net","limit":0},{"id":"555599135681@s.whatsapp.net","limit":-5},{"id":"553291291514@s.whatsapp.net","limit":-1},{"id":"556496171592@s.whatsapp.net","limit":-4},{"id":"554791348240@s.whatsapp.net","limit":1},{"id":"559299050985@s.whatsapp.net","limit":1},{"id":"553299589502@s.whatsapp.net","limit":1},{"id":"559891372935@s.whatsapp.net","limit":0},{"id":"556299690683@s.whatsapp.net","limit":1},{"id":"558499014624@s.whatsapp.net","limit":-1},{"id":"552197596806@s.whatsapp.net","limit":1},{"id":"558896220381@s.whatsapp.net","limit":-2},{"id":"5511933112739@s.whatsapp.net","limit":1},{"id":"559185521515@s.whatsapp.net","limit":2},{"id":"553892631840@s.whatsapp.net","limit":-10},{"id":"13469884331@s.whatsapp.net","limit":1},{"id":"5522981741282@s.whatsapp.net","limit":1},{"id":"559184135976@s.whatsapp.net","limit":-1},{"id":"558893600743@s.whatsapp.net","limit":-2},{"id":"5511990167657@s.whatsapp.net","limit":1},{"id":"5511941937139@s.whatsapp.net","limit":-1},{"id":"553892590540@s.whatsapp.net","limit":-2},{"id":"558293699649@s.whatsapp.net","limit":1},{"id":"554198610255@s.whatsapp.net","limit":2},{"id":"559184409343@s.whatsapp.net","limit":1},{"id":"5513996754874@s.whatsapp.net","limit":-3}]