[{"id":"5527992351023@s.whatsapp.net","uang":504784},{"id":"555399035138@s.whatsapp.net","uang":422649},{"id":"553298531350@s.whatsapp.net","uang":370297},{"id":"5511964681806@s.whatsapp.net","uang":418166},{"id":"559184035474@s.whatsapp.net","uang":358408},{"id":"5519988290562@s.whatsapp.net","uang":293588},{"id":"5519982985523@s.whatsapp.net","uang":285378},{"id":"5511988985726@s.whatsapp.net","uang":268664},{"id":"554797646916@s.whatsapp.net","uang":261622},{"id":"553189647837@s.whatsapp.net","uang":268631},{"id":"558494732434@s.whatsapp.net","uang":251523},{"id":"556385009238@s.whatsapp.net","uang":271228},{"id":"558599895391@s.whatsapp.net","uang":252914},{"id":"557999499184@s.whatsapp.net","uang":232140},{"id":"5511942623147@s.whatsapp.net","uang":228908},{"id":"558597917367@s.whatsapp.net","uang":210282},{"id":"554196526761@s.whatsapp.net","uang":197833},{"id":"5521990813956@s.whatsapp.net","uang":192071},{"id":"554187855836@s.whatsapp.net","uang":189072},{"id":"556199013841@s.whatsapp.net","uang":167093},{"id":"5521981689107@s.whatsapp.net","uang":171545},{"id":"557187701723@s.whatsapp.net","uang":156774},{"id":"553195760666@s.whatsapp.net","uang":153037},{"id":"558898054580@s.whatsapp.net","uang":151203},{"id":"558499014624@s.whatsapp.net","uang":151110},{"id":"559184135976@s.whatsapp.net","uang":157380},{"id":"554791348240@s.whatsapp.net","uang":142515},{"id":"5511958312208@s.whatsapp.net","uang":138016},{"id":"553180162751@s.whatsapp.net","uang":140116},{"id":"556286234865@s.whatsapp.net","uang":135979},{"id":"558398299016@s.whatsapp.net","uang":140035},{"id":"554197874661@s.whatsapp.net","uang":135064},{"id":"553591568843@s.whatsapp.net","uang":124755},{"id":"559185043253@s.whatsapp.net","uang":124348},{"id":"556384424440@s.whatsapp.net","uang":115700},{"id":"5511979857546@s.whatsapp.net","uang":118159},{"id":"554291452626@s.whatsapp.net","uang":112355},{"id":"18064824228@s.whatsapp.net","uang":109471},{"id":"558589941372@s.whatsapp.net","uang":110322},{"id":"557999843042@s.whatsapp.net","uang":116145},{"id":"559294450170@s.whatsapp.net","uang":106591},{"id":"5519982511379@s.whatsapp.net","uang":106527},{"id":"553191247863@s.whatsapp.net","uang":101146},{"id":"557391944397@s.whatsapp.net","uang":97968},{"id":"554396466824@s.whatsapp.net","uang":107467},{"id":"554298485953@s.whatsapp.net","uang":91271},{"id":"559189655277@s.whatsapp.net","uang":90574},{"id":"552192539941@s.whatsapp.net","uang":86815},{"id":"258844795677@s.whatsapp.net","uang":86547},{"id":"558293239535@s.whatsapp.net","uang":86678},{"id":"559299839173@s.whatsapp.net","uang":89602},{"id":"559391257820@s.whatsapp.net","uang":87513},{"id":"558893600743@s.whatsapp.net","uang":82102},{"id":"5521985770889@s.whatsapp.net","uang":83004},{"id":"557991824342@s.whatsapp.net","uang":80381},{"id":"556696240884@s.whatsapp.net","uang":78384},{"id":"5521967258754@s.whatsapp.net","uang":79575},{"id":"557191412033@s.whatsapp.net","uang":84418},{"id":"558897971034@s.whatsapp.net","uang":82779},{"id":"553387512904@s.whatsapp.net","uang":75373},{"id":"553892631840@s.whatsapp.net","uang":83752},{"id":"556198199034@s.whatsapp.net","uang":74945},{"id":"554998177318@s.whatsapp.net","uang":70949},{"id":"553898905685@s.whatsapp.net","uang":69726},{"id":"559188798825@s.whatsapp.net","uang":67780},{"id":"559188556335@s.whatsapp.net","uang":67454},{"id":"5512996280897@s.whatsapp.net","uang":67048},{"id":"556198272207@s.whatsapp.net","uang":66211},{"id":"554784389884@s.whatsapp.net","uang":64800},{"id":"5515998268136@s.whatsapp.net","uang":66455},{"id":"555192828726@s.whatsapp.net","uang":62422},{"id":"559981689179@s.whatsapp.net","uang":60632},{"id":"558386737669@s.whatsapp.net","uang":60359},{"id":"5511962838546@s.whatsapp.net","uang":58864},{"id":"553597668955@s.whatsapp.net","uang":62136},{"id":"5521972174056@s.whatsapp.net","uang":57289},{"id":"5511977271267@s.whatsapp.net","uang":56986},{"id":"554896789407@s.whatsapp.net","uang":56687},{"id":"558588968147@s.whatsapp.net","uang":56834},{"id":"559185162482@s.whatsapp.net","uang":55634},{"id":"559891684303@s.whatsapp.net","uang":55248},{"id":"557187215035@s.whatsapp.net","uang":54249},{"id":"556296188838@s.whatsapp.net","uang":49837},{"id":"556493386272@s.whatsapp.net","uang":49297},{"id":"5511933112739@s.whatsapp.net","uang":48881},{"id":"558899310643@s.whatsapp.net","uang":49354},{"id":"559292708365@s.whatsapp.net","uang":46918},{"id":"5518996262848@s.whatsapp.net","uang":45913},{"id":"5511932150357@s.whatsapp.net","uang":45981},{"id":"556296936764@s.whatsapp.net","uang":45203},{"id":"556193820962@s.whatsapp.net","uang":44670},{"id":"5521998376277@s.whatsapp.net","uang":44527},{"id":"5511957467193@s.whatsapp.net","uang":44566},{"id":"559199142388@s.whatsapp.net","uang":43557},{"id":"554191187505@s.whatsapp.net","uang":43674},{"id":"559183840083@s.whatsapp.net","uang":50285},{"id":"5517982158415@s.whatsapp.net","uang":42488},{"id":"5514997645220@s.whatsapp.net","uang":40639},{"id":"5512981477612@s.whatsapp.net","uang":51478},{"id":"554185005202@s.whatsapp.net","uang":39674},{"id":"5522981741282@s.whatsapp.net","uang":39330},{"id":"558694902070@s.whatsapp.net","uang":38371},{"id":"556384150333@s.whatsapp.net","uang":38358},{"id":"558581455657@s.whatsapp.net","uang":37708},{"id":"555191617886@s.whatsapp.net","uang":37748},{"id":"553897507144@s.whatsapp.net","uang":49325},{"id":"5527995105103@s.whatsapp.net","uang":36076},{"id":"558488993999@s.whatsapp.net","uang":35506},{"id":"5511984618028@s.whatsapp.net","uang":33575},{"id":"559891820642@s.whatsapp.net","uang":35458},{"id":"5519984224006@s.whatsapp.net","uang":33246},{"id":"5511949907065@s.whatsapp.net","uang":35874},{"id":"5514996541467@s.whatsapp.net","uang":32931},{"id":"559184726680@s.whatsapp.net","uang":32478},{"id":"5522998836217@s.whatsapp.net","uang":32787},{"id":"447441436384@s.whatsapp.net","uang":33405},{"id":"5519983733591@s.whatsapp.net","uang":31324},{"id":"554599044496@s.whatsapp.net","uang":31073},{"id":"554896983180@s.whatsapp.net","uang":39654},{"id":"554796453845@s.whatsapp.net","uang":30779},{"id":"559185521515@s.whatsapp.net","uang":30475},{"id":"5511964599892@s.whatsapp.net","uang":29691},{"id":"5517981058002@s.whatsapp.net","uang":29215},{"id":"554192747232@s.whatsapp.net","uang":29035},{"id":"556899265179@s.whatsapp.net","uang":32048},{"id":"554399737646@s.whatsapp.net","uang":28889},{"id":"556194419838@s.whatsapp.net","uang":27642},{"id":"554784212314@s.whatsapp.net","uang":27519},{"id":"5514988267307@s.whatsapp.net","uang":27952},{"id":"558398419055@s.whatsapp.net","uang":27287},{"id":"555185219848@s.whatsapp.net","uang":26483},{"id":"5524999066877@s.whatsapp.net","uang":26316},{"id":"556283296442@s.whatsapp.net","uang":26253},{"id":"5511962564714@s.whatsapp.net","uang":26106},{"id":"557998174370@s.whatsapp.net","uang":25835},{"id":"554896514674@s.whatsapp.net","uang":25375},{"id":"557185223353@s.whatsapp.net","uang":26286},{"id":"554588006040@s.whatsapp.net","uang":25168},{"id":"5524992055609@s.whatsapp.net","uang":27068},{"id":"559584066061@s.whatsapp.net","uang":25073},{"id":"5519995947884@s.whatsapp.net","uang":32183},{"id":"555196648712@s.whatsapp.net","uang":23130},{"id":"554598326175@s.whatsapp.net","uang":22914},{"id":"553797790365@s.whatsapp.net","uang":22912},{"id":"5517988431319@s.whatsapp.net","uang":22362},{"id":"258843717556@s.whatsapp.net","uang":22310},{"id":"556899594092@s.whatsapp.net","uang":22238},{"id":"5527995196912@s.whatsapp.net","uang":22122},{"id":"553191117934@s.whatsapp.net","uang":21579},{"id":"559391606183@s.whatsapp.net","uang":21843},{"id":"553898516060@s.whatsapp.net","uang":21085},{"id":"559192359119@s.whatsapp.net","uang":20540},{"id":"554591386965@s.whatsapp.net","uang":20423},{"id":"556592451566@s.whatsapp.net","uang":20060},{"id":"5527997456694@s.whatsapp.net","uang":20015},{"id":"351914234283@s.whatsapp.net","uang":19905},{"id":"555192408391@s.whatsapp.net","uang":19641},{"id":"559192838373@s.whatsapp.net","uang":19084},{"id":"554184304313@s.whatsapp.net","uang":18894},{"id":"556496171592@s.whatsapp.net","uang":18722},{"id":"557498038901@s.whatsapp.net","uang":19738},{"id":"559191707457@s.whatsapp.net","uang":18419},{"id":"553299362343@s.whatsapp.net","uang":18257},{"id":"556593394562@s.whatsapp.net","uang":18144},{"id":"556285279349@s.whatsapp.net","uang":34371},{"id":"5515997582807@s.whatsapp.net","uang":17699},{"id":"5513991993669@s.whatsapp.net","uang":22623},{"id":"559691409651@s.whatsapp.net","uang":20247},{"id":"5511964467388@s.whatsapp.net","uang":17589},{"id":"558494116887@s.whatsapp.net","uang":18304},{"id":"556198095075@s.whatsapp.net","uang":17428},{"id":"559191650025@s.whatsapp.net","uang":17655},{"id":"554196704288@s.whatsapp.net","uang":17280},{"id":"556381449846@s.whatsapp.net","uang":17035},{"id":"5518996749318@s.whatsapp.net","uang":17588},{"id":"557996888906@s.whatsapp.net","uang":16809},{"id":"556899336565@s.whatsapp.net","uang":16690},{"id":"559885445143@s.whatsapp.net","uang":22443},{"id":"553387073541@s.whatsapp.net","uang":16766},{"id":"557398702002@s.whatsapp.net","uang":16630},{"id":"554699299597@s.whatsapp.net","uang":16219},{"id":"554898379217@s.whatsapp.net","uang":15887},{"id":"554298567347@s.whatsapp.net","uang":22983},{"id":"556281375022@s.whatsapp.net","uang":15793},{"id":"558699384979@s.whatsapp.net","uang":17569},{"id":"555198287974@s.whatsapp.net","uang":16064},{"id":"5511943731042@s.whatsapp.net","uang":15254},{"id":"558587531897@s.whatsapp.net","uang":15244},{"id":"554791969036@s.whatsapp.net","uang":15225},{"id":"554591433391@s.whatsapp.net","uang":14924},{"id":"559681426125@s.whatsapp.net","uang":14686},{"id":"258865010307@s.whatsapp.net","uang":14656},{"id":"5511951342889@s.whatsapp.net","uang":14974},{"id":"5521994878404@s.whatsapp.net","uang":17819},{"id":"558293699649@s.whatsapp.net","uang":14290},{"id":"557996329352@s.whatsapp.net","uang":14243},{"id":"558487943629@s.whatsapp.net","uang":14228},{"id":"5511990167657@s.whatsapp.net","uang":14070},{"id":"5515998324153@s.whatsapp.net","uang":13973},{"id":"558591820077@s.whatsapp.net","uang":13931},{"id":"5515991567260@s.whatsapp.net","uang":13847},{"id":"5521968773788@s.whatsapp.net","uang":16317},{"id":"554298000277@s.whatsapp.net","uang":13661},{"id":"558393987377@s.whatsapp.net","uang":13594},{"id":"559391114049@s.whatsapp.net","uang":13609},{"id":"556792728956@s.whatsapp.net","uang":14468},{"id":"258842989410@s.whatsapp.net","uang":13471},{"id":"558581455657@s.whatsapp.net","uang":16827},{"id":"558589465512@s.whatsapp.net","uang":13168},{"id":"555599135681@s.whatsapp.net","uang":13158},{"id":"553387517707@s.whatsapp.net","uang":13018},{"id":"558497040436@s.whatsapp.net","uang":12996},{"id":"554498919550@s.whatsapp.net","uang":12966},{"id":"558695331464@s.whatsapp.net","uang":12963},{"id":"556293226036@s.whatsapp.net","uang":12905},{"id":"5511941937139@s.whatsapp.net","uang":56483},{"id":"5516981609360@s.whatsapp.net","uang":12808},{"id":"555193858274@s.whatsapp.net","uang":12667},{"id":"5513991229377@s.whatsapp.net","uang":12681},{"id":"5518996779013@s.whatsapp.net","uang":13235},{"id":"5521991835416@s.whatsapp.net","uang":12392},{"id":"555399373754@s.whatsapp.net","uang":12300},{"id":"18637778932@s.whatsapp.net","uang":12106},{"id":"556899839299@s.whatsapp.net","uang":12139},{"id":"556391181269@s.whatsapp.net","uang":11930},{"id":"258847689302@s.whatsapp.net","uang":11684},{"id":"556199589604@s.whatsapp.net","uang":11553},{"id":"5522999210088@s.whatsapp.net","uang":11346},{"id":"558781783366@s.whatsapp.net","uang":11322},{"id":"5522988150072@s.whatsapp.net","uang":11294},{"id":"5514997256956@s.whatsapp.net","uang":14588},{"id":"554499954748@s.whatsapp.net","uang":11000},{"id":"994403102324@s.whatsapp.net","uang":10960},{"id":"5511970745823@s.whatsapp.net","uang":10940},{"id":"5518996478533@s.whatsapp.net","uang":15744},{"id":"5521980589964@s.whatsapp.net","uang":10616},{"id":"5516991888624@s.whatsapp.net","uang":10588},{"id":"559584045954@s.whatsapp.net","uang":15004},{"id":"17402471094@s.whatsapp.net","uang":10441},{"id":"554299461575@s.whatsapp.net","uang":10960},{"id":"556385137090@s.whatsapp.net","uang":10217},{"id":"5511983181805@s.whatsapp.net","uang":10193},{"id":"553892590540@s.whatsapp.net","uang":9830},{"id":"558396058310@s.whatsapp.net","uang":9693},{"id":"558582259872@s.whatsapp.net","uang":9673},{"id":"559784239970@s.whatsapp.net","uang":9665},{"id":"554896751233@s.whatsapp.net","uang":9637},{"id":"258874754877@s.whatsapp.net","uang":9414},{"id":"5521989441870@s.whatsapp.net","uang":9395},{"id":"558598134059@s.whatsapp.net","uang":9352},{"id":"559192182897@s.whatsapp.net","uang":9204},{"id":"557191034034@s.whatsapp.net","uang":9141},{"id":"258869867121@s.whatsapp.net","uang":9066},{"id":"559981088402@s.whatsapp.net","uang":9018},{"id":"5511980441552@s.whatsapp.net","uang":9232},{"id":"557996377856@s.whatsapp.net","uang":8891},{"id":"554497553835@s.whatsapp.net","uang":8890},{"id":"17743770417@s.whatsapp.net","uang":8866},{"id":"553291291514@s.whatsapp.net","uang":8806},{"id":"559899848397@s.whatsapp.net","uang":8656},{"id":"554199347356@s.whatsapp.net","uang":8622},{"id":"555197288320@s.whatsapp.net","uang":8614},{"id":"5519999813057@s.whatsapp.net","uang":10115},{"id":"558594441816@s.whatsapp.net","uang":8538},{"id":"13469884331@s.whatsapp.net","uang":10306},{"id":"556294031843@s.whatsapp.net","uang":8470},{"id":"559180733687@s.whatsapp.net","uang":8442},{"id":"557988721575@s.whatsapp.net","uang":9739},{"id":"555180354131@s.whatsapp.net","uang":11229},{"id":"553173548970@s.whatsapp.net","uang":8229},{"id":"556299690683@s.whatsapp.net","uang":10495},{"id":"558396364811@s.whatsapp.net","uang":8119},{"id":"553498401247@s.whatsapp.net","uang":8034},{"id":"556792469529@s.whatsapp.net","uang":7963},{"id":"5521984041605@s.whatsapp.net","uang":7927},{"id":"559884911237@s.whatsapp.net","uang":8022},{"id":"553488038028@s.whatsapp.net","uang":7726},{"id":"556196619769@s.whatsapp.net","uang":7601},{"id":"559293433933@s.whatsapp.net","uang":8075},{"id":"5516988556807@s.whatsapp.net","uang":7538},{"id":"5513981275673@s.whatsapp.net","uang":7348},{"id":"559196186812@s.whatsapp.net","uang":7297},{"id":"559184691753@s.whatsapp.net","uang":8064},{"id":"5516996050359@s.whatsapp.net","uang":7182},{"id":"13068055169@s.whatsapp.net","uang":7102},{"id":"558291116948@s.whatsapp.net","uang":7093},{"id":"5511990102273@s.whatsapp.net","uang":7092},{"id":"994406510654@s.whatsapp.net","uang":7169},{"id":"553798315900@s.whatsapp.net","uang":8798},{"id":"557191484474@s.whatsapp.net","uang":7056},{"id":"559294487685@s.whatsapp.net","uang":6866},{"id":"558281571934@s.whatsapp.net","uang":9640},{"id":"556183573033@s.whatsapp.net","uang":6806},{"id":"554884213536@s.whatsapp.net","uang":6628},{"id":"553195780302@s.whatsapp.net","uang":6624},{"id":"559784399914@s.whatsapp.net","uang":10487},{"id":"559183493088@s.whatsapp.net","uang":6599},{"id":"5515996130941@s.whatsapp.net","uang":6305},{"id":"5521971002426@s.whatsapp.net","uang":6196},{"id":"556593625556@s.whatsapp.net","uang":6153},{"id":"5521981417317@s.whatsapp.net","uang":6149},{"id":"5511967836983@s.whatsapp.net","uang":6145},{"id":"13069942580@s.whatsapp.net","uang":6035},{"id":"555195969844@s.whatsapp.net","uang":5986},{"id":"553288726953@s.whatsapp.net","uang":5949},{"id":"5511949526421@s.whatsapp.net","uang":5863},{"id":"558586467639@s.whatsapp.net","uang":5853},{"id":"558596192596@s.whatsapp.net","uang":5847},{"id":"553195931928@s.whatsapp.net","uang":5780},{"id":"258856589989@s.whatsapp.net","uang":5738},{"id":"555181879203@s.whatsapp.net","uang":5722},{"id":"558396308268@s.whatsapp.net","uang":5675},{"id":"5519982141977@s.whatsapp.net","uang":5582},{"id":"558196793433@s.whatsapp.net","uang":5578},{"id":"5511991558233@s.whatsapp.net","uang":5504},{"id":"558896220381@s.whatsapp.net","uang":5490},{"id":"554388359490@s.whatsapp.net","uang":5474},{"id":"556282365581@s.whatsapp.net","uang":5125},{"id":"559199411665@s.whatsapp.net","uang":5029},{"id":"258873886595@s.whatsapp.net","uang":5016},{"id":"5517991397624@s.whatsapp.net","uang":5000},{"id":"554384524922@s.whatsapp.net","uang":4958},{"id":"554198610255@s.whatsapp.net","uang":4933},{"id":"557491299737@s.whatsapp.net","uang":4917},{"id":"5524998715045@s.whatsapp.net","uang":4904},{"id":"559691459976@s.whatsapp.net","uang":4815},{"id":"556699596237@s.whatsapp.net","uang":4807},{"id":"557583136176@s.whatsapp.net","uang":5565},{"id":"558588861437@s.whatsapp.net","uang":4796},{"id":"258852516983@s.whatsapp.net","uang":4748},{"id":"559288231630@s.whatsapp.net","uang":4748},{"id":"556799449904@s.whatsapp.net","uang":5051},{"id":"5517991150572@s.whatsapp.net","uang":8314},{"id":"994406445183@s.whatsapp.net","uang":4580},{"id":"557196243357@s.whatsapp.net","uang":4674},{"id":"258855050973@s.whatsapp.net","uang":4546},{"id":"559484314737@s.whatsapp.net","uang":5213},{"id":"556499276014@s.whatsapp.net","uang":4441},{"id":"13435005847@s.whatsapp.net","uang":4426},{"id":"558387018246@s.whatsapp.net","uang":4343},{"id":"5511952151985@s.whatsapp.net","uang":4264},{"id":"556798776894@s.whatsapp.net","uang":4261},{"id":"5511944533687@s.whatsapp.net","uang":4254},{"id":"553199040427@s.whatsapp.net","uang":4246},{"id":"559996518751@s.whatsapp.net","uang":4696},{"id":"558288298485@s.whatsapp.net","uang":4169},{"id":"447418335403@s.whatsapp.net","uang":4117},{"id":"558491082132@s.whatsapp.net","uang":4065},{"id":"5527988186030@s.whatsapp.net","uang":3974},{"id":"554195398790@s.whatsapp.net","uang":3938},{"id":"554491370729@s.whatsapp.net","uang":3917},{"id":"556292280669@s.whatsapp.net","uang":3910},{"id":"5516997420725@s.whatsapp.net","uang":3849},{"id":"556781763898@s.whatsapp.net","uang":3794},{"id":"559892141014@s.whatsapp.net","uang":3787},{"id":"559188216608@s.whatsapp.net","uang":3786},{"id":"557999908001@s.whatsapp.net","uang":3716},{"id":"558296078356@s.whatsapp.net","uang":3692},{"id":"559891653646@s.whatsapp.net","uang":3688},{"id":"559191393773@s.whatsapp.net","uang":3687},{"id":"557996060831@s.whatsapp.net","uang":3764},{"id":"559184065810@s.whatsapp.net","uang":3672},{"id":"244945441822@s.whatsapp.net","uang":4513},{"id":"558981277882@s.whatsapp.net","uang":3658},{"id":"555599970223@s.whatsapp.net","uang":3608},{"id":"258843877816@s.whatsapp.net","uang":3599},{"id":"553799819665@s.whatsapp.net","uang":3590},{"id":"556684185851@s.whatsapp.net","uang":3589},{"id":"5512981033979@s.whatsapp.net","uang":3573},{"id":"553597403841@s.whatsapp.net","uang":3527},{"id":"556798977198@s.whatsapp.net","uang":3516},{"id":"558183641365@s.whatsapp.net","uang":3501},{"id":"557582689999@s.whatsapp.net","uang":3406},{"id":"556992591412@s.whatsapp.net","uang":3404},{"id":"553188112332@s.whatsapp.net","uang":3399},{"id":"556782176406@s.whatsapp.net","uang":3395},{"id":"15136637593@s.whatsapp.net","uang":5188},{"id":"553299779622@s.whatsapp.net","uang":3383},{"id":"553191462627@s.whatsapp.net","uang":3234},{"id":"558598430396@s.whatsapp.net","uang":3217},{"id":"5511941660193@s.whatsapp.net","uang":3211},{"id":"5521990574297@s.whatsapp.net","uang":3203},{"id":"556596203870@s.whatsapp.net","uang":3201},{"id":"557996636053@s.whatsapp.net","uang":3196},{"id":"558592921351@s.whatsapp.net","uang":3112},{"id":"559491343970@s.whatsapp.net","uang":3067},{"id":"5518997531759@s.whatsapp.net","uang":3032},{"id":"558599337793@s.whatsapp.net","uang":3086},{"id":"5516988260229@s.whatsapp.net","uang":2969},{"id":"556182402008@s.whatsapp.net","uang":2935},{"id":"5518991038956@s.whatsapp.net","uang":2927},{"id":"5521971696779@s.whatsapp.net","uang":2925},{"id":"556384294383@s.whatsapp.net","uang":2923},{"id":"5521988569891@s.whatsapp.net","uang":2748},{"id":"557391409217@s.whatsapp.net","uang":2735},{"id":"5521965584132@s.whatsapp.net","uang":2734},{"id":"994406761835@s.whatsapp.net","uang":2732},{"id":"5511949119225@s.whatsapp.net","uang":2703},{"id":"557996714055@s.whatsapp.net","uang":2671},{"id":"557399483717@s.whatsapp.net","uang":2656},{"id":"555192405159@s.whatsapp.net","uang":2634},{"id":"5519986034376@s.whatsapp.net","uang":2556},{"id":"556592163156@s.whatsapp.net","uang":2536},{"id":"554898549073@s.whatsapp.net","uang":2446},{"id":"5511996563452@s.whatsapp.net","uang":2439},{"id":"556295572730@s.whatsapp.net","uang":2430},{"id":"5513996266926@s.whatsapp.net","uang":2421},{"id":"258873560081@s.whatsapp.net","uang":2386},{"id":"555199487401@s.whatsapp.net","uang":2367},{"id":"558988110472@s.whatsapp.net","uang":2349},{"id":"5512992213998@s.whatsapp.net","uang":2344},{"id":"554298558816@s.whatsapp.net","uang":2295},{"id":"5528999205047@s.whatsapp.net","uang":2466},{"id":"556884031768@s.whatsapp.net","uang":2147},{"id":"553284542960@s.whatsapp.net","uang":2097},{"id":"556296399956@s.whatsapp.net","uang":2067},{"id":"558499451692@s.whatsapp.net","uang":2008},{"id":"554891210712@s.whatsapp.net","uang":1990},{"id":"558171101903@s.whatsapp.net","uang":1984},{"id":"559181449982@s.whatsapp.net","uang":1963},{"id":"556181156551@s.whatsapp.net","uang":1903},{"id":"5522988243242@s.whatsapp.net","uang":1898},{"id":"558197285844@s.whatsapp.net","uang":1897},{"id":"556192451874@s.whatsapp.net","uang":1969},{"id":"558695769229@s.whatsapp.net","uang":1826},{"id":"559892131715@s.whatsapp.net","uang":1806},{"id":"553196988109@s.whatsapp.net","uang":2071},{"id":"557398136969@s.whatsapp.net","uang":2346},{"id":"5511945769307@s.whatsapp.net","uang":1715},{"id":"556793248390@s.whatsapp.net","uang":1697},{"id":"5511970886954@s.whatsapp.net","uang":1687},{"id":"5521969013327@s.whatsapp.net","uang":1625},{"id":"554599432716@s.whatsapp.net","uang":1620},{"id":"556298394291@s.whatsapp.net","uang":1603},{"id":"556696142343@s.whatsapp.net","uang":1588},{"id":"258855666215@s.whatsapp.net","uang":1533},{"id":"559491124160@s.whatsapp.net","uang":1516},{"id":"558581236723@s.whatsapp.net","uang":1510},{"id":"5521992208291@s.whatsapp.net","uang":2268},{"id":"258862264853@s.whatsapp.net","uang":1506},{"id":"558487590474@s.whatsapp.net","uang":1500},{"id":"5515997974903@s.whatsapp.net","uang":1497},{"id":"559982770865@s.whatsapp.net","uang":1530},{"id":"5511978781430@s.whatsapp.net","uang":1427},{"id":"554299421859@s.whatsapp.net","uang":1418},{"id":"553398238711@s.whatsapp.net","uang":1410},{"id":"258844224432@s.whatsapp.net","uang":1338},{"id":"5519989275161@s.whatsapp.net","uang":1608},{"id":"558599893924@s.whatsapp.net","uang":1324},{"id":"559492803869@s.whatsapp.net","uang":5931},{"id":"559491137431@s.whatsapp.net","uang":6054},{"id":"559294681097@s.whatsapp.net","uang":1242},{"id":"556294748399@s.whatsapp.net","uang":1238},{"id":"559182443158@s.whatsapp.net","uang":1235},{"id":"554197011157@s.whatsapp.net","uang":1234},{"id":"559784122591@s.whatsapp.net","uang":1140},{"id":"558396273264@s.whatsapp.net","uang":1135},{"id":"556599373634@s.whatsapp.net","uang":1132},{"id":"554195625075@s.whatsapp.net","uang":1130},{"id":"558199176426@s.whatsapp.net","uang":1124},{"id":"555381571763@s.whatsapp.net","uang":1119},{"id":"556285472673@s.whatsapp.net","uang":1042},{"id":"5521981731996@s.whatsapp.net","uang":1506},{"id":"559891372935@s.whatsapp.net","uang":970},{"id":"5512997863176@s.whatsapp.net","uang":956},{"id":"5512996864572@s.whatsapp.net","uang":955},{"id":"558396058525@s.whatsapp.net","uang":936},{"id":"5522997273800@s.whatsapp.net","uang":850},{"id":"258844724629@s.whatsapp.net","uang":847},{"id":"555499637658@s.whatsapp.net","uang":845},{"id":"5511957310082@s.whatsapp.net","uang":838},{"id":"559293082893@s.whatsapp.net","uang":768},{"id":"5516994100336@s.whatsapp.net","uang":766},{"id":"559388029975@s.whatsapp.net","uang":761},{"id":"258870116658@s.whatsapp.net","uang":757},{"id":"559884859338@s.whatsapp.net","uang":755},{"id":"258846696797@s.whatsapp.net","uang":755},{"id":"6282382895228@s.whatsapp.net","uang":745},{"id":"5511984628131@s.whatsapp.net","uang":743},{"id":"559284247145@s.whatsapp.net","uang":670},{"id":"5212283102125@s.whatsapp.net","uang":666},{"id":"559784247502@s.whatsapp.net","uang":666},{"id":"559293893602@s.whatsapp.net","uang":664},{"id":"5521974142935@s.whatsapp.net","uang":661},{"id":"5511988425911@s.whatsapp.net","uang":658},{"id":"552197596806@s.whatsapp.net","uang":651},{"id":"556999927814@s.whatsapp.net","uang":646},{"id":"558481547140@s.whatsapp.net","uang":645},{"id":"553491554064@s.whatsapp.net","uang":870},{"id":"559293283300@s.whatsapp.net","uang":578},{"id":"258862189212@s.whatsapp.net","uang":571},{"id":"559192812052@s.whatsapp.net","uang":570},{"id":"19787733092@s.whatsapp.net","uang":570},{"id":"5518981311219@s.whatsapp.net","uang":563},{"id":"553299589502@s.whatsapp.net","uang":562},{"id":"552198376277@s.whatsapp.net","uang":560},{"id":"558496136817@s.whatsapp.net","uang":557},{"id":"558994265782@s.whatsapp.net","uang":476},{"id":"559883155723@s.whatsapp.net","uang":469},{"id":"258845403186@s.whatsapp.net","uang":565},{"id":"554796535437@s.whatsapp.net","uang":466},{"id":"5511947472460@s.whatsapp.net","uang":466},{"id":"258878102004@s.whatsapp.net","uang":385},{"id":"5511945487764@s.whatsapp.net","uang":384},{"id":"258847449148@s.whatsapp.net","uang":380},{"id":"554896234511@s.whatsapp.net","uang":379},{"id":"554197621587@s.whatsapp.net","uang":378},{"id":"5515991637996@s.whatsapp.net","uang":376},{"id":"5528998860496@s.whatsapp.net","uang":297},{"id":"5511937737590@s.whatsapp.net","uang":288},{"id":"5511952485924@s.whatsapp.net","uang":287},{"id":"5511944017896@s.whatsapp.net","uang":285},{"id":"559185208887@s.whatsapp.net","uang":285},{"id":"559185807592@s.whatsapp.net","uang":284},{"id":"559299050985@s.whatsapp.net","uang":280},{"id":"5518997240325@s.whatsapp.net","uang":278},{"id":"559299872040@s.whatsapp.net","uang":276},{"id":"556499016238@s.whatsapp.net","uang":274},{"id":"554699321231@s.whatsapp.net","uang":197},{"id":"559181767812@s.whatsapp.net","uang":196},{"id":"554396163586@s.whatsapp.net","uang":192},{"id":"554298645790@s.whatsapp.net","uang":192},{"id":"556283114041@s.whatsapp.net","uang":192},{"id":"554999520608@s.whatsapp.net","uang":190},{"id":"555481531782@s.whatsapp.net","uang":189},{"id":"258876349935@s.whatsapp.net","uang":189},{"id":"557187438202@s.whatsapp.net","uang":188},{"id":"558681300029@s.whatsapp.net","uang":99},{"id":"558183760016@s.whatsapp.net","uang":98},{"id":"595976856231@s.whatsapp.net","uang":97},{"id":"559391836205@s.whatsapp.net","uang":97},{"id":"559181661884@s.whatsapp.net","uang":93},{"id":"16393988875@s.whatsapp.net","uang":91},{"id":"5516988673362@s.whatsapp.net","uang":90},{"id":"559189541560@s.whatsapp.net","uang":90},{"id":"5511951653200@s.whatsapp.net","uang":0},{"id":"994407526251@s.whatsapp.net","uang":0},{"id":"5513996086012@s.whatsapp.net","uang":0},{"id":"554191690263@s.whatsapp.net","uang":90},{"id":"558894894843@s.whatsapp.net","uang":3611},{"id":"559492124551@s.whatsapp.net","uang":6320},{"id":"559788044482@s.whatsapp.net","uang":94},{"id":"559184409343@s.whatsapp.net","uang":2166},{"id":"5515991927325@s.whatsapp.net","uang":1041},{"id":"553584297445@s.whatsapp.net","uang":279},{"id":"5511963608643@s.whatsapp.net","uang":6219},{"id":"5521988862564@s.whatsapp.net","uang":3413},{"id":"258844652192@s.whatsapp.net","uang":4545},{"id":"5521972646374@s.whatsapp.net","uang":3571},{"id":"5513988600503@s.whatsapp.net","uang":2367},{"id":"557183887919@s.whatsapp.net","uang":5107},{"id":"554498226092@s.whatsapp.net","uang":668},{"id":"5516992567694@s.whatsapp.net","uang":747},{"id":"994407672474@s.whatsapp.net","uang":4450},{"id":"559187118869@s.whatsapp.net","uang":6510},{"id":"558189181667@s.whatsapp.net","uang":1030},{"id":"556499462385@s.whatsapp.net","uang":0},{"id":"5511970681971@s.whatsapp.net","uang":285},{"id":"5513996754874@s.whatsapp.net","uang":955},{"id":"994404902884@s.whatsapp.net","uang":2079}]