{"location":{"name":"Belem","region":"Para","country":"Brazil","lat":-1.45,"lon":-48.48,"tz_id":"America/Belem","localtime_epoch":1622484339,"localtime":"2021-05-31 15:05"},"current":{"last_updated_epoch":1622483100,"last_updated":"2021-05-31 14:45","temp_c":32.0,"temp_f":89.6,"is_day":1,"condition":{"text":"Parcialmente nublado","icon":"//cdn.weatherapi.com/weather/64x64/day/116.png","code":1003},"wind_mph":9.4,"wind_kph":15.1,"wind_degree":120,"wind_dir":"ESE","pressure_mb":1011.0,"pressure_in":30.3,"precip_mm":3.0,"precip_in":0.12,"humidity":63,"cloud":50,"feelslike_c":44.4,"feelslike_f":111.8,"vis_km":10.0,"vis_miles":6.0,"uv":6.0,"gust_mph":5.6,"gust_kph":9.0},"forecast":{"forecastday":[{"date":"2021-05-31","date_epoch":1622419200,"day":{"maxtemp_c":29.9,"maxtemp_f":85.8,"mintemp_c":23.0,"mintemp_f":73.4,"avgtemp_c":25.7,"avgtemp_f":78.2,"maxwind_mph":6.3,"maxwind_kph":10.1,"totalprecip_mm":14.2,"totalprecip_in":0.56,"avgvis_km":8.0,"avgvis_miles":4.0,"avghumidity":88.0,"daily_will_it_rain":1,"daily_chance_of_rain":"78","daily_will_it_snow":0,"daily_chance_of_snow":"0","condition":{"text":"Chuva moderada","icon":"//cdn.weatherapi.com/weather/64x64/day/302.png","code":1189},"uv":11.0},"astro":{"sunrise":"06:10 AM","sunset":"06:13 PM","moonrise":"11:35 PM","moonset":"11:13 AM","moon_phase":"Last Quarter","moon_illumination":"55"},"hour":[{"time_epoch":1622430000,"time":"2021-05-31 00:00","temp_c":24.5,"temp_f":76.1,"is_day":0,"condition":{"text":"Possibilidade de chuva irregular","icon":"//cdn.weatherapi.com/weather/64x64/night/176.png","code":1063},"wind_mph":4.5,"wind_kph":7.2,"wind_degree":60,"wind_dir":"ENE","pressure_mb":1012.0,"pressure_in":30.4,"precip_mm":0.3,"precip_in":0.01,"humidity":93,"cloud":44,"feelslike_c":27.2,"feelslike_f":81.0,"windchill_c":24.5,"windchill_f":76.1,"heatindex_c":27.2,"heatindex_f":81.0,"dewpoint_c":23.4,"dewpoint_f":74.1,"will_it_rain":0,"chance_of_rain":"24","will_it_snow":0,"chance_of_snow":"0","vis_km":4.3,"vis_miles":2.0,"gust_mph":7.8,"gust_kph":12.6,"uv":1.0},{"time_epoch":1622433600,"time":"2021-05-31 01:00","temp_c":24.1,"temp_f":75.4,"is_day":0,"condition":{"text":"Neblina","icon":"//cdn.weatherapi.com/weather/64x64/night/143.png","code":1030},"wind_mph":4.3,"wind_kph":6.8,"wind_degree":67,"wind_dir":"ENE","pressure_mb":1012.0,"pressure_in":30.4,"precip_mm":0.0,"precip_in":0.0,"humidity":95,"cloud":24,"feelslike_c":26.7,"feelslike_f":80.1,"windchill_c":24.1,"windchill_f":75.4,"heatindex_c":26.7,"heatindex_f":80.1,"dewpoint_c":23.2,"dewpoint_f":73.8,"will_it_rain":0,"chance_of_rain":"0","will_it_snow":0,"chance_of_snow":"0","vis_km":2.0,"vis_miles":1.0,"gust_mph":7.4,"gust_kph":11.9,"uv":1.0},{"time_epoch":1622437200,"time":"2021-05-31 02:00","temp_c":23.9,"temp_f":75.0,"is_day":0,"condition":{"text":"Possibilidade de chuva irregular","icon":"//cdn.weatherapi.com/weather/64x64/night/176.png","code":1063},"wind_mph":4.3,"wind_kph":6.8,"wind_degree":75,"wind_dir":"ENE","pressure_mb":1012.0,"pressure_in":30.3,"precip_mm":0.1,"precip_in":0.0,"humidity":95,"cloud":45,"feelslike_c":26.5,"feelslike_f":79.7,"windchill_c":23.9,"windchill_f":75.0,"heatindex_c":26.5,"heatindex_f":79.7,"dewpoint_c":23.1,"dewpoint_f":73.6,"will_it_rain":0,"chance_of_rain":"22","will_it_snow":0,"chance_of_snow":"0","vis_km":4.3,"vis_miles":2.0,"gust_mph":7.2,"gust_kph":11.5,"uv":1.0},{"time_epoch":1622440800,"time":"2021-05-31 03:00","temp_c":23.8,"temp_f":74.8,"is_day":0,"condition":{"text":"Neblina","icon":"//cdn.weatherapi.com/weather/64x64/night/143.png","code":1030},"wind_mph":4.0,"wind_kph":6.5,"wind_degree":82,"wind_dir":"E","pressure_mb":1011.0,"pressure_in":30.3,"precip_mm":0.2,"precip_in":0.01,"humidity":96,"cloud":66,"feelslike_c":26.3,"feelslike_f":79.3,"windchill_c":23.8,"windchill_f":74.8,"heatindex_c":26.3,"heatindex_f":79.3,"dewpoint_c":23.1,"dewpoint_f":73.6,"will_it_rain":0,"chance_of_rain":"44","will_it_snow":0,"chance_of_snow":"0","vis_km":6.7,"vis_miles":4.0,"gust_mph":7.2,"gust_kph":11.5,"uv":1.0},{"time_epoch":1622444400,"time":"2021-05-31 04:00","temp_c":23.6,"temp_f":74.5,"is_day":0,"condition":{"text":"Possibilidade de chuva irregular","icon":"//cdn.weatherapi.com/weather/64x64/night/176.png","code":1063},"wind_mph":4.0,"wind_kph":6.5,"wind_degree":89,"wind_dir":"E","pressure_mb":1011.0,"pressure_in":30.3,"precip_mm":0.3,"precip_in":0.01,"humidity":96,"cloud":87,"feelslike_c":26.1,"feelslike_f":79.0,"windchill_c":23.6,"windchill_f":74.5,"heatindex_c":26.1,"heatindex_f":79.0,"dewpoint_c":23.0,"dewpoint_f":73.4,"will_it_rain":0,"chance_of_rain":"66","will_it_snow":0,"chance_of_snow":"0","vis_km":9.0,"vis_miles":5.0,"gust_mph":6.9,"gust_kph":11.2,"uv":1.0},{"time_epoch":1622448000,"time":"2021-05-31 05:00","temp_c":23.6,"temp_f":74.5,"is_day":0,"condition":{"text":"Possibilidade de chuva irregular","icon":"//cdn.weatherapi.com/weather/64x64/night/176.png","code":1063},"wind_mph":4.0,"wind_kph":6.5,"wind_degree":94,"wind_dir":"E","pressure_mb":1011.0,"pressure_in":30.3,"precip_mm":0.9,"precip_in":0.04,"humidity":96,"cloud":83,"feelslike_c":26.1,"feelslike_f":79.0,"windchill_c":23.6,"windchill_f":74.5,"heatindex_c":26.1,"heatindex_f":79.0,"dewpoint_c":23.0,"dewpoint_f":73.4,"will_it_rain":0,"chance_of_rain":"69","will_it_snow":0,"chance_of_snow":"0","vis_km":9.0,"vis_miles":5.0,"gust_mph":6.9,"gust_kph":11.2,"uv":1.0},{"time_epoch":1622451600,"time":"2021-05-31 06:00","temp_c":23.6,"temp_f":74.5,"is_day":0,"condition":{"text":"Possibilidade de chuva irregular","icon":"//cdn.weatherapi.com/weather/64x64/night/176.png","code":1063},"wind_mph":4.0,"wind_kph":6.5,"wind_degree":98,"wind_dir":"E","pressure_mb":1011.0,"pressure_in":30.3,"precip_mm":1.6,"precip_in":0.06,"humidity":96,"cloud":78,"feelslike_c":26.1,"feelslike_f":79.0,"windchill_c":23.6,"windchill_f":74.5,"heatindex_c":26.1,"heatindex_f":79.0,"dewpoint_c":22.9,"dewpoint_f":73.2,"will_it_rain":1,"chance_of_rain":"71","will_it_snow":0,"chance_of_snow":"0","vis_km":9.0,"vis_miles":5.0,"gust_mph":7.2,"gust_kph":11.5,"uv":1.0},{"time_epoch":1622455200,"time":"2021-05-31 07:00","temp_c":23.6,"temp_f":74.5,"is_day":1,"condition":{"text":"Possibilidade de chuva irregular","icon":"//cdn.weatherapi.com/weather/64x64/day/176.png","code":1063},"wind_mph":4.0,"wind_kph":6.5,"wind_degree":103,"wind_dir":"ESE","pressure_mb":1012.0,"pressure_in":30.3,"precip_mm":2.2,"precip_in":0.09,"humidity":96,"cloud":74,"feelslike_c":26.1,"feelslike_f":79.0,"windchill_c":23.6,"windchill_f":74.5,"heatindex_c":26.1,"heatindex_f":79.0,"dewpoint_c":22.9,"dewpoint_f":73.2,"will_it_rain":1,"chance_of_rain":"74","will_it_snow":0,"chance_of_snow":"0","vis_km":9.0,"vis_miles":5.0,"gust_mph":7.2,"gust_kph":11.5,"uv":5.0},{"time_epoch":1622458800,"time":"2021-05-31 08:00","temp_c":24.6,"temp_f":76.3,"is_day":1,"condition":{"text":"Aguaceiros moderados ou fortes","icon":"//cdn.weatherapi.com/weather/64x64/day/356.png","code":1243},"wind_mph":4.0,"wind_kph":6.5,"wind_degree":104,"wind_dir":"ESE","pressure_mb":1012.0,"pressure_in":30.4,"precip_mm":2.6,"precip_in":0.1,"humidity":94,"cloud":73,"feelslike_c":27.6,"feelslike_f":81.7,"windchill_c":24.6,"windchill_f":76.3,"heatindex_c":27.6,"heatindex_f":81.7,"dewpoint_c":23.5,"dewpoint_f":74.3,"will_it_rain":1,"chance_of_rain":"72","will_it_snow":0,"chance_of_snow":"0","vis_km":8.3,"vis_miles":5.0,"gust_mph":7.2,"gust_kph":11.5,"uv":5.0},{"time_epoch":1622462400,"time":"2021-05-31 09:00","temp_c":25.5,"temp_f":77.9,"is_day":1,"condition":{"text":"Possibilidade de chuva irregular","icon":"//cdn.weatherapi.com/weather/64x64/day/176.png","code":1063},"wind_mph":4.3,"wind_kph":6.8,"wind_degree":105,"wind_dir":"ESE","pressure_mb":1013.0,"pressure_in":30.4,"precip_mm":3.1,"precip_in":0.12,"humidity":92,"cloud":71,"feelslike_c":29.0,"feelslike_f":84.2,"windchill_c":25.5,"windchill_f":77.9,"heatindex_c":29.0,"heatindex_f":84.2,"dewpoint_c":24.1,"dewpoint_f":75.4,"will_it_rain":0,"chance_of_rain":"70","will_it_snow":0,"chance_of_snow":"0","vis_km":7.7,"vis_miles":4.0,"gust_mph":7.2,"gust_kph":11.5,"uv":6.0},{"time_epoch":1622466000,"time":"2021-05-31 10:00","temp_c":26.5,"temp_f":79.7,"is_day":1,"condition":{"text":"Aguaceiros moderados ou fortes","icon":"//cdn.weatherapi.com/weather/64x64/day/356.png","code":1243},"wind_mph":4.3,"wind_kph":6.8,"wind_degree":106,"wind_dir":"ESE","pressure_mb":1013.0,"pressure_in":30.4,"precip_mm":3.5,"precip_in":0.14,"humidity":90,"cloud":70,"feelslike_c":30.5,"feelslike_f":86.9,"windchill_c":26.5,"windchill_f":79.7,"heatindex_c":30.5,"heatindex_f":86.9,"dewpoint_c":24.7,"dewpoint_f":76.5,"will_it_rain":0,"chance_of_rain":"68","will_it_snow":0,"chance_of_snow":"0","vis_km":7.0,"vis_miles":4.0,"gust_mph":7.2,"gust_kph":11.5,"uv":6.0},{"time_epoch":1622469600,"time":"2021-05-31 11:00","temp_c":27.8,"temp_f":82.0,"is_day":1,"condition":{"text":"Possibilidade de chuva irregular","icon":"//cdn.weatherapi.com/weather/64x64/day/176.png","code":1063},"wind_mph":3.4,"wind_kph":5.4,"wind_degree":141,"wind_dir":"SE","pressure_mb":1013.0,"pressure_in":30.4,"precip_mm":3.0,"precip_in":0.12,"humidity":83,"cloud":75,"feelslike_c":32.1,"feelslike_f":89.8,"windchill_c":27.8,"windchill_f":82.0,"heatindex_c":32.1,"heatindex_f":89.8,"dewpoint_c":24.4,"dewpoint_f":75.9,"will_it_rain":1,"chance_of_rain":"75","will_it_snow":0,"chance_of_snow":"0","vis_km":7.7,"vis_miles":4.0,"gust_mph":5.6,"gust_kph":9.0,"uv":6.0},{"time_epoch":1622473200,"time":"2021-05-31 12:00","temp_c":29.0,"temp_f":84.2,"is_day":1,"condition":{"text":"Aguaceiros moderados ou fortes","icon":"//cdn.weatherapi.com/weather/64x64/day/356.png","code":1243},"wind_mph":2.7,"wind_kph":4.3,"wind_degree":176,"wind_dir":"S","pressure_mb":1013.0,"pressure_in":30.4,"precip_mm":2.6,"precip_in":0.1,"humidity":76,"cloud":80,"feelslike_c":33.8,"feelslike_f":92.8,"windchill_c":29.0,"windchill_f":84.2,"heatindex_c":33.8,"heatindex_f":92.8,"dewpoint_c":24.2,"dewpoint_f":75.6,"will_it_rain":1,"chance_of_rain":"82","will_it_snow":0,"chance_of_snow":"0","vis_km":8.3,"vis_miles":5.0,"gust_mph":4.3,"gust_kph":6.8,"uv":6.0},{"time_epoch":1622476800,"time":"2021-05-31 13:00","temp_c":30.3,"temp_f":86.5,"is_day":1,"condition":{"text":"Possibilidade de chuva irregular","icon":"//cdn.weatherapi.com/weather/64x64/day/176.png","code":1063},"wind_mph":1.8,"wind_kph":2.9,"wind_degree":210,"wind_dir":"SSW","pressure_mb":1013.0,"pressure_in":30.4,"precip_mm":2.1,"precip_in":0.08,"humidity":69,"cloud":85,"feelslike_c":35.4,"feelslike_f":95.7,"windchill_c":30.3,"windchill_f":86.5,"heatindex_c":35.4,"heatindex_f":95.7,"dewpoint_c":23.9,"dewpoint_f":75.0,"will_it_rain":1,"chance_of_rain":"89","will_it_snow":0,"chance_of_snow":"0","vis_km":9.0,"vis_miles":5.0,"gust_mph":2.7,"gust_kph":4.3,"uv":7.0},{"time_epoch":1622480400,"time":"2021-05-31 14:00","temp_c":29.1,"temp_f":84.4,"is_day":1,"condition":{"text":"Aguaceiros moderados ou fortes","icon":"//cdn.weatherapi.com/weather/64x64/day/356.png","code":1243},"wind_mph":2.9,"wind_kph":4.7,"wind_degree":150,"wind_dir":"SSE","pressure_mb":1012.0,"pressure_in":30.4,"precip_mm":2.5,"precip_in":0.1,"humidity":74,"cloud":79,"feelslike_c":33.7,"feelslike_f":92.7,"windchill_c":29.1,"windchill_f":84.4,"heatindex_c":33.7,"heatindex_f":92.7,"dewpoint_c":24.0,"dewpoint_f":75.2,"will_it_rain":1,"chance_of_rain":"80","will_it_snow":0,"chance_of_snow":"0","vis_km":8.3,"vis_miles":5.0,"gust_mph":4.7,"gust_kph":7.6,"uv":6.0},{"time_epoch":1622484000,"time":"2021-05-31 15:00","temp_c":27.9,"temp_f":82.2,"is_day":1,"condition":{"text":"Possibilidade de chuva irregular","icon":"//cdn.weatherapi.com/weather/64x64/day/176.png","code":1063},"wind_mph":4.0,"wind_kph":6.5,"wind_degree":89,"wind_dir":"E","pressure_mb":1011.0,"pressure_in":30.3,"precip_mm":3.0,"precip_in":0.12,"humidity":80,"cloud":73,"feelslike_c":32.1,"feelslike_f":89.8,"windchill_c":27.9,"windchill_f":82.2,"heatindex_c":32.1,"heatindex_f":89.8,"dewpoint_c":24.0,"dewpoint_f":75.2,"will_it_rain":1,"chance_of_rain":"70","will_it_snow":0,"chance_of_snow":"0","vis_km":7.7,"vis_miles":4.0,"gust_mph":6.9,"gust_kph":11.2,"uv":6.0},{"time_epoch":1622487600,"time":"2021-05-31 16:00","temp_c":26.7,"temp_f":80.1,"is_day":1,"condition":{"text":"Aguaceiros moderados ou fortes","icon":"//cdn.weatherapi.com/weather/64x64/day/356.png","code":1243},"wind_mph":5.1,"wind_kph":8.3,"wind_degree":29,"wind_dir":"NNE","pressure_mb":1010.0,"pressure_in":30.3,"precip_mm":3.4,"precip_in":0.13,"humidity":86,"cloud":67,"feelslike_c":30.4,"feelslike_f":86.7,"windchill_c":26.7,"windchill_f":80.1,"heatindex_c":30.4,"heatindex_f":86.7,"dewpoint_c":24.1,"dewpoint_f":75.4,"will_it_rain":0,"chance_of_rain":"61","will_it_snow":0,"chance_of_snow":"0","vis_km":7.0,"vis_miles":4.0,"gust_mph":8.9,"gust_kph":14.4,"uv":6.0},{"time_epoch":1622491200,"time":"2021-05-31 17:00","temp_c":26.4,"temp_f":79.5,"is_day":1,"condition":{"text":"Possibilidade de chuva irregular","icon":"//cdn.weatherapi.com/weather/64x64/day/176.png","code":1063},"wind_mph":4.9,"wind_kph":7.9,"wind_degree":21,"wind_dir":"NNE","pressure_mb":1010.0,"pressure_in":30.3,"precip_mm":2.7,"precip_in":0.11,"humidity":87,"cloud":73,"feelslike_c":29.9,"feelslike_f":85.8,"windchill_c":26.4,"windchill_f":79.5,"heatindex_c":29.9,"heatindex_f":85.8,"dewpoint_c":24.1,"dewpoint_f":75.4,"will_it_rain":0,"chance_of_rain":"69","will_it_snow":0,"chance_of_snow":"0","vis_km":7.7,"vis_miles":4.0,"gust_mph":9.2,"gust_kph":14.8,"uv":6.0},{"time_epoch":1622494800,"time":"2021-05-31 18:00","temp_c":26.0,"temp_f":78.8,"is_day":1,"condition":{"text":"Aguaceiros moderados ou fortes","icon":"//cdn.weatherapi.com/weather/64x64/day/356.png","code":1243},"wind_mph":4.9,"wind_kph":7.9,"wind_degree":13,"wind_dir":"NNE","pressure_mb":1010.0,"pressure_in":30.3,"precip_mm":2.0,"precip_in":0.08,"humidity":89,"cloud":78,"feelslike_c":29.5,"feelslike_f":85.1,"windchill_c":26.0,"windchill_f":78.8,"heatindex_c":29.5,"heatindex_f":85.1,"dewpoint_c":24.0,"dewpoint_f":75.2,"will_it_rain":1,"chance_of_rain":"77","will_it_snow":0,"chance_of_snow":"0","vis_km":8.3,"vis_miles":5.0,"gust_mph":9.6,"gust_kph":15.5,"uv":6.0},{"time_epoch":1622498400,"time":"2021-05-31 19:00","temp_c":25.7,"temp_f":78.3,"is_day":0,"condition":{"text":"Possibilidade de chuva irregular","icon":"//cdn.weatherapi.com/weather/64x64/night/176.png","code":1063},"wind_mph":4.7,"wind_kph":7.6,"wind_degree":6,"wind_dir":"N","pressure_mb":1010.0,"pressure_in":30.3,"precip_mm":1.3,"precip_in":0.05,"humidity":90,"cloud":84,"feelslike_c":29.0,"feelslike_f":84.2,"windchill_c":25.7,"windchill_f":78.3,"heatindex_c":29.0,"heatindex_f":84.2,"dewpoint_c":24.0,"dewpoint_f":75.2,"will_it_rain":1,"chance_of_rain":"85","will_it_snow":0,"chance_of_snow":"0","vis_km":9.0,"vis_miles":5.0,"gust_mph":9.8,"gust_kph":15.8,"uv":1.0},{"time_epoch":1622502000,"time":"2021-05-31 20:00","temp_c":25.4,"temp_f":77.7,"is_day":0,"condition":{"text":"Possibilidade de chuva irregular","icon":"//cdn.weatherapi.com/weather/64x64/night/176.png","code":1063},"wind_mph":5.1,"wind_kph":8.3,"wind_degree":14,"wind_dir":"NNE","pressure_mb":1011.0,"pressure_in":30.3,"precip_mm":1.4,"precip_in":0.06,"humidity":91,"cloud":83,"feelslike_c":28.6,"feelslike_f":83.5,"windchill_c":25.4,"windchill_f":77.7,"heatindex_c":28.6,"heatindex_f":83.5,"dewpoint_c":23.9,"dewpoint_f":75.0,"will_it_rain":1,"chance_of_rain":"79","will_it_snow":0,"chance_of_snow":"0","vis_km":9.0,"vis_miles":5.0,"gust_mph":10.3,"gust_kph":16.6,"uv":1.0},{"time_epoch":1622505600,"time":"2021-05-31 21:00","temp_c":25.2,"temp_f":77.4,"is_day":0,"condition":{"text":"Possibilidade de chuva irregular","icon":"//cdn.weatherapi.com/weather/64x64/night/176.png","code":1063},"wind_mph":5.4,"wind_kph":8.6,"wind_degree":22,"wind_dir":"NNE","pressure_mb":1011.0,"pressure_in":30.3,"precip_mm":1.6,"precip_in":0.06,"humidity":92,"cloud":82,"feelslike_c":28.2,"feelslike_f":82.8,"windchill_c":25.2,"windchill_f":77.4,"heatindex_c":28.2,"heatindex_f":82.8,"dewpoint_c":23.7,"dewpoint_f":74.7,"will_it_rain":1,"chance_of_rain":"73","will_it_snow":0,"chance_of_snow":"0","vis_km":9.0,"vis_miles":5.0,"gust_mph":11.0,"gust_kph":17.6,"uv":1.0},{"time_epoch":1622509200,"time":"2021-05-31 22:00","temp_c":24.9,"temp_f":76.8,"is_day":0,"condition":{"text":"Possibilidade de chuva irregular","icon":"//cdn.weatherapi.com/weather/64x64/night/176.png","code":1063},"wind_mph":5.8,"wind_kph":9.4,"wind_degree":30,"wind_dir":"NNE","pressure_mb":1012.0,"pressure_in":30.4,"precip_mm":1.7,"precip_in":0.07,"humidity":93,"cloud":81,"feelslike_c":27.8,"feelslike_f":82.0,"windchill_c":24.9,"windchill_f":76.8,"heatindex_c":27.8,"heatindex_f":82.0,"dewpoint_c":23.6,"dewpoint_f":74.5,"will_it_rain":0,"chance_of_rain":"67","will_it_snow":0,"chance_of_snow":"0","vis_km":9.0,"vis_miles":5.0,"gust_mph":11.4,"gust_kph":18.4,"uv":1.0},{"time_epoch":1622512800,"time":"2021-05-31 23:00","temp_c":24.8,"temp_f":76.6,"is_day":0,"condition":{"text":"Possibilidade de chuva irregular","icon":"//cdn.weatherapi.com/weather/64x64/night/176.png","code":1063},"wind_mph":5.4,"wind_kph":8.6,"wind_degree":35,"wind_dir":"NE","pressure_mb":1012.0,"pressure_in":30.4,"precip_mm":1.4,"precip_in":0.06,"humidity":93,"cloud":77,"feelslike_c":27.6,"feelslike_f":81.7,"windchill_c":24.8,"windchill_f":76.6,"heatindex_c":27.6,"heatindex_f":81.7,"dewpoint_c":23.6,"dewpoint_f":74.5,"will_it_rain":0,"chance_of_rain":"65","will_it_snow":0,"chance_of_snow":"0","vis_km":9.0,"vis_miles":5.0,"gust_mph":10.5,"gust_kph":16.9,"uv":1.0}]}]}}